timestamp,state,cpu_avg_percent,cpu_max_percent,pps,rx_drops_delta,events_sent,events_lost_delta,xdp_pass,xdp_drop
2026-06-21 23:16:40,N,13.38,35.0,2.0,0,0,0,2,0
2026-06-21 23:16:41,R,11.48,25.9,5.0,1,0,0,7,0
2026-06-21 23:16:42,N,8.48,19.4,7.0,0,0,0,14,0
2026-06-21 23:16:43,R,12.33,31.5,3.0,1,0,0,17,0
2026-06-21 23:16:44,H,31.7,89.1,3.0,0,0,0,20,0
2026-06-21 23:16:45,N,9.32,24.5,2.0,0,0,0,22,0
2026-06-21 23:16:46,N,10.6,26.9,3.0,0,0,0,25,0
2026-06-21 23:16:47,N,9.36,23.9,4.0,0,0,0,29,0
2026-06-21 23:16:48,N,15.37,62.4,2.0,0,0,0,31,0
2026-06-21 23:16:50,N,9.84,25.5,3.0,0,0,0,34,0
2026-06-21 23:16:51,R,9.94,24.1,2.0,1,0,0,36,0
2026-06-21 23:16:52,N,9.37,23.4,3.0,0,0,0,39,0
2026-06-21 23:16:53,N,10.36,25.9,2.0,0,0,0,41,0
2026-06-21 23:16:54,N,11.59,33.0,2.0,0,0,0,43,0
2026-06-21 23:16:55,N,9.57,25.0,2.0,0,0,0,45,0
2026-06-21 23:16:56,N,11.14,29.1,0.0,0,0,0,45,0
2026-06-21 23:16:57,N,9.34,24.3,3.0,0,0,0,48,0
2026-06-21 23:16:58,N,10.87,34.5,5.0,0,0,0,53,0
2026-06-21 23:16:59,C,31.58,90.8,4.0,0,0,0,57,0
2026-06-21 23:17:01,C,35.71,100.0,2.0,0,0,0,59,0
2026-06-21 23:17:02,C,35.64,100.0,1.0,0,0,0,60,0
2026-06-21 23:17:03,R,35.01,100.0,5.0,2,0,0,65,0
2026-06-21 23:17:04,C,34.81,100.0,3.0,0,0,0,68,0
2026-06-21 23:17:05,N,10.1,44.0,1.0,0,0,0,69,0
2026-06-21 23:17:06,R,15.38,45.4,2.0,1,0,0,71,0
2026-06-21 23:17:07,C,33.78,96.4,5.0,0,0,0,76,0
2026-06-21 23:17:08,R,37.58,100.0,3.0,1,0,0,79,0
2026-06-21 23:17:09,C,35.87,100.0,3.0,0,0,0,82,0
2026-06-21 23:17:11,R,37.73,100.0,1.0,1,0,0,83,0
2026-06-21 23:17:12,C,37.12,100.0,2.0,0,0,0,85,0
2026-06-21 23:17:13,R,35.48,100.0,9.0,1,0,0,94,0
2026-06-21 23:17:14,R,36.79,100.0,5.0,1,0,0,99,0
2026-06-21 23:17:15,C,36.54,100.0,2.0,0,1,0,101,0
2026-06-21 23:17:16,C,38.38,100.0,2.0,0,1,0,103,0
2026-06-21 23:17:17,C,37.89,100.0,6.0,0,1,0,109,0
2026-06-21 23:17:18,C,36.01,100.0,3.0,0,1,0,112,0
2026-06-21 23:17:19,C,37.67,100.0,2.0,0,1,0,114,0
2026-06-21 23:17:20,C,35.32,100.0,2.0,0,1,0,116,0
2026-06-21 23:17:21,C,36.43,100.0,4.0,0,1,0,120,0
2026-06-21 23:17:23,C,35.63,100.0,5.0,0,1,0,125,0
2026-06-21 23:17:24,R,35.88,100.0,5.0,1,1,0,130,0
2026-06-21 23:17:25,C,36.9,100.0,1.0,0,1,0,131,0
2026-06-21 23:17:26,R,36.42,100.0,1.0,1,1,0,132,0
2026-06-21 23:17:27,C,35.41,100.0,4.0,0,1,0,136,0
2026-06-21 23:17:28,R,35.17,100.0,4.0,2,1,0,140,0
2026-06-21 23:17:29,C,35.05,100.0,3.0,0,1,0,143,0
2026-06-21 23:17:30,C,35.3,100.0,2.0,0,1,0,145,0
2026-06-21 23:17:31,R,35.57,100.0,5.0,1,1,0,150,0
2026-06-21 23:17:33,C,35.48,100.0,1.0,0,1,0,151,0
2026-06-21 23:17:34,R,35.74,100.0,3.0,2,1,0,154,0
2026-06-21 23:17:35,R,35.12,100.0,5.0,1,1,0,159,0
2026-06-21 23:17:36,C,36.18,100.0,1.0,0,1,0,160,0
2026-06-21 23:17:37,C,36.52,100.0,2.0,0,1,0,162,0
2026-06-21 23:17:38,R,35.88,100.0,2.0,1,1,0,164,0
2026-06-21 23:17:39,C,36.9,100.0,3.0,0,1,0,167,0
2026-06-21 23:17:40,R,36.73,100.0,3.0,1,1,0,170,0
2026-06-21 23:17:41,C,36.34,100.0,1.0,0,1,0,171,0
2026-06-21 23:17:43,C,36.2,100.0,4.0,0,1,0,175,0
2026-06-21 23:17:44,C,36.7,100.0,2.0,0,1,0,177,0
2026-06-21 23:17:45,C,36.68,100.0,6.0,0,1,0,183,0
2026-06-21 23:17:46,C,38.18,100.0,11.0,0,1,0,194,0
2026-06-21 23:17:47,C,37.09,100.0,4.0,0,1,0,198,0
2026-06-21 23:17:48,C,37.35,100.0,3.0,0,2,0,201,0
2026-06-21 23:17:49,C,36.93,100.0,2.0,0,2,0,203,0
2026-06-21 23:17:50,C,38.29,100.0,2.0,0,2,0,205,0
2026-06-21 23:17:51,C,37.48,100.0,1.0,0,2,0,206,0
2026-06-21 23:17:52,C,35.26,100.0,2.0,0,2,0,208,0
2026-06-21 23:17:53,R,35.49,100.0,2.0,1,2,0,210,0
2026-06-21 23:17:55,C,35.47,100.0,5.0,0,2,0,215,0
2026-06-21 23:17:56,C,35.23,100.0,2.0,0,2,0,217,0
2026-06-21 23:17:57,C,34.95,100.0,4.0,0,2,0,221,0
2026-06-21 23:17:58,R,35.33,100.0,4.0,2,2,0,225,0
2026-06-21 23:17:59,C,37.55,95.5,4.0,0,2,0,229,0
2026-06-21 23:18:00,R,37.79,98.2,2.0,1,2,0,231,0
2026-06-21 23:18:01,C,38.23,100.0,2.0,0,2,0,233,0
2026-06-21 23:18:02,C,33.82,100.0,0.0,0,2,0,233,0
2026-06-21 23:18:03,R,36.14,98.2,2.0,1,2,0,235,0
2026-06-21 23:18:05,C,35.09,98.2,0.0,0,2,0,235,0
2026-06-21 23:18:06,C,37.48,100.0,0.0,0,2,0,235,0
2026-06-21 23:18:07,C,35.84,98.2,6.0,0,2,0,241,0
2026-06-21 23:18:08,R,35.99,98.2,3.0,1,2,0,244,0
2026-06-21 23:18:09,C,34.77,100.0,3.0,0,2,0,247,0
2026-06-21 23:18:10,R,34.93,97.3,3.0,1,2,0,250,0
2026-06-21 23:18:11,C,33.02,92.7,4.0,0,2,0,254,0
2026-06-21 23:18:12,C,31.75,90.8,5.0,0,2,0,259,0
2026-06-21 23:18:13,C,32.58,92.7,2.0,0,2,0,261,0
2026-06-21 23:18:14,C,34.32,94.5,2.0,0,2,0,263,0
2026-06-21 23:18:16,C,35.23,96.4,1.0,0,2,0,264,0
2026-06-21 23:18:17,C,33.41,91.7,2.0,0,2,0,266,0
2026-06-21 23:18:18,R,33.16,91.9,8.0,2,2,0,274,0
2026-06-21 23:18:19,H,31.41,85.3,3.0,0,2,0,277,0
2026-06-21 23:18:20,H,28.53,77.8,2.0,0,2,0,279,0
2026-06-21 23:18:21,H,31.36,78.2,2.0,0,2,0,281,0
2026-06-21 23:18:22,H,29.07,75.0,4.0,0,2,0,285,0
2026-06-21 23:18:23,H,29.57,77.4,5.0,0,2,0,290,0
2026-06-21 23:18:24,H,28.94,73.9,2.0,0,2,0,292,0
2026-06-21 23:18:26,H,29.57,75.5,2.0,0,2,0,294,0
2026-06-21 23:18:27,C,33.46,91.8,2.0,0,2,0,296,0
2026-06-21 23:18:28,C,33.31,92.8,5.0,0,3,0,301,0
2026-06-21 23:18:29,R,30.01,76.8,2.0,1,3,0,303,0
2026-06-21 23:18:30,H,29.23,76.4,3.0,0,3,0,306,0
2026-06-21 23:18:31,H,27.43,73.4,2.0,0,3,0,308,0
2026-06-21 23:18:32,H,26.06,72.2,3.0,0,3,0,311,0
2026-06-21 23:18:33,R,28.64,80.9,5.0,1,3,0,316,0
2026-06-21 23:18:34,C,36.82,99.1,1.0,0,3,0,317,0
2026-06-21 23:18:35,R,35.54,91.7,2.0,1,3,0,319,0
2026-06-21 23:18:36,H,30.93,80.7,0.0,0,3,0,319,0
2026-06-21 23:18:38,H,31.44,81.7,5.0,0,3,0,324,0
2026-06-21 23:18:39,H,31.66,80.7,2.0,0,3,0,326,0
2026-06-21 23:18:40,H,29.29,75.2,5.0,0,3,0,331,0
2026-06-21 23:18:41,H,28.03,74.1,1.0,0,3,0,332,0
2026-06-21 23:18:42,H,28.32,75.0,3.0,0,3,0,335,0
2026-06-21 23:18:43,H,30.44,79.8,3.0,0,3,0,338,0
2026-06-21 23:18:44,H,27.57,77.1,3.0,0,3,0,341,0
2026-06-21 23:18:45,H,29.28,76.9,2.0,0,3,0,343,0
2026-06-21 23:18:46,H,28.07,77.1,3.0,0,3,0,346,0
2026-06-21 23:18:48,H,24.92,68.8,5.0,0,3,0,351,0
2026-06-21 23:18:49,N,23.39,64.5,2.0,0,3,0,353,0
2026-06-21 23:18:50,H,26.64,73.4,8.0,0,3,0,361,0
2026-06-21 23:18:51,H,33.66,89.9,2.0,0,3,0,363,0
2026-06-21 23:18:52,H,30.32,80.0,1.0,0,3,0,364,0
2026-06-21 23:18:53,H,26.18,72.0,3.0,0,3,0,367,0
2026-06-21 23:18:54,R,28.35,76.4,2.0,1,3,0,369,0
2026-06-21 23:18:55,H,30.87,87.4,1.0,0,3,0,370,0
2026-06-21 23:18:56,H,28.14,76.1,1.0,0,3,0,371,0
2026-06-21 23:18:57,N,21.62,60.2,5.0,0,3,0,376,0
2026-06-21 23:18:59,N,20.08,53.2,3.0,0,3,0,379,0
2026-06-21 23:19:00,N,21.27,57.3,3.0,0,3,0,382,0
2026-06-21 23:19:01,H,27.45,70.0,5.0,0,3,0,387,0
2026-06-21 23:19:02,H,31.73,81.7,1.0,0,3,0,388,0
2026-06-21 23:19:03,H,32.25,84.4,6.0,0,3,0,394,0
2026-06-21 23:19:04,H,30.15,80.0,1.0,0,3,0,395,0
2026-06-21 23:19:05,H,30.47,78.2,1.0,0,3,0,396,0
2026-06-21 23:19:06,H,31.86,82.6,2.0,0,3,0,398,0
2026-06-21 23:19:07,H,30.96,81.5,1.0,0,3,0,399,0
2026-06-21 23:19:09,H,31.9,80.6,1.0,0,4,0,400,0
2026-06-21 23:19:10,R,28.69,70.9,2.0,2,4,0,402,0
2026-06-21 23:19:11,R,30.06,75.2,8.0,1,4,0,410,0
2026-06-21 23:19:12,H,29.4,74.1,4.0,0,4,0,414,0
2026-06-21 23:19:13,R,35.95,96.4,3.0,1,4,0,417,0
2026-06-21 23:19:14,C,35.78,92.0,4.0,0,4,0,421,0
2026-06-21 23:19:15,R,26.8,74.3,2.0,1,4,0,423,0
2026-06-21 23:19:16,H,26.46,70.4,2.0,0,4,0,425,0
2026-06-21 23:19:17,H,27.78,78.2,2.0,0,4,0,427,0
2026-06-21 23:19:18,H,32.97,86.2,2.0,0,4,0,429,0
2026-06-21 23:19:20,R,32.33,85.5,5.0,2,4,0,434,0
2026-06-21 23:19:21,H,33.04,86.1,2.0,0,4,0,436,0
2026-06-21 23:19:22,H,30.33,80.9,9.0,0,4,0,445,0
2026-06-21 23:19:23,R,31.74,82.6,6.0,2,4,0,451,0
2026-06-21 23:19:24,H,29.78,75.9,2.0,0,4,0,453,0
2026-06-21 23:19:25,H,28.1,72.2,1.0,0,4,0,454,0
2026-06-21 23:19:26,H,28.33,72.5,1.0,0,4,0,455,0
2026-06-21 23:19:27,H,27.89,76.4,3.0,0,4,0,458,0
2026-06-21 23:19:28,R,28.04,77.3,4.0,1,4,0,462,0
2026-06-21 23:19:30,R,28.22,77.1,3.0,1,4,0,465,0
2026-06-21 23:19:31,H,32.0,81.2,1.0,0,4,0,466,0
2026-06-21 23:19:32,H,29.81,77.6,1.0,0,4,0,467,0
2026-06-21 23:19:33,H,30.84,77.3,3.0,0,4,0,470,0
2026-06-21 23:19:34,H,31.79,79.1,2.0,0,4,0,472,0
2026-06-21 23:19:35,R,31.18,82.4,5.0,1,4,0,477,0
2026-06-21 23:19:36,H,31.62,80.7,0.0,0,4,0,477,0
2026-06-21 23:19:37,R,31.07,84.5,2.0,3,4,0,479,0
2026-06-21 23:19:38,H,30.49,85.2,1.0,0,4,0,480,0
2026-06-21 23:19:39,H,30.29,83.5,0.0,0,4,0,480,0
2026-06-21 23:19:41,H,31.47,80.6,1.0,0,4,0,481,0
2026-06-21 23:19:42,R,30.49,81.5,4.0,1,4,0,485,0
2026-06-21 23:19:43,R,32.15,86.2,4.0,1,4,0,489,0
2026-06-21 23:19:44,H,31.44,84.4,2.0,0,4,0,491,0
2026-06-21 23:19:45,R,32.16,84.5,6.0,1,4,0,497,0
2026-06-21 23:19:46,H,29.33,75.5,4.0,0,5,0,501,0
2026-06-21 23:19:47,H,31.07,83.2,7.0,0,5,0,508,0
2026-06-21 23:19:48,R,27.9,75.2,3.0,2,5,0,511,0
2026-06-21 23:19:49,H,28.9,74.8,1.0,0,5,0,512,0
2026-06-21 23:19:50,H,33.24,82.6,0.0,0,5,0,512,0
2026-06-21 23:19:52,H,30.87,79.8,0.0,0,5,0,512,0
2026-06-21 23:19:53,R,30.52,78.9,6.0,2,5,0,518,0
2026-06-21 23:19:54,H,27.38,73.4,5.0,0,5,0,523,0
2026-06-21 23:19:55,R,31.54,79.1,2.0,1,5,0,525,0
2026-06-21 23:19:56,H,32.2,80.2,1.0,0,5,0,526,0
2026-06-21 23:19:57,H,32.98,81.5,3.0,0,5,0,529,0
2026-06-21 23:19:58,R,33.09,82.1,5.0,2,5,0,534,0
2026-06-21 23:19:59,H,30.78,84.1,5.0,0,5,0,539,0
2026-06-21 23:20:00,H,29.82,81.8,3.0,0,5,0,542,0
2026-06-21 23:20:02,H,28.72,77.8,5.0,0,5,0,547,0
2026-06-21 23:20:03,H,29.48,76.9,3.0,0,5,0,550,0
2026-06-21 23:20:04,H,31.03,82.6,2.0,0,5,0,552,0
2026-06-21 23:20:05,H,30.84,81.3,1.0,0,5,0,553,0
2026-06-21 23:20:06,R,32.28,84.4,2.0,1,5,0,555,0
2026-06-21 23:20:07,H,30.91,82.6,2.0,0,5,0,557,0
2026-06-21 23:20:08,R,30.49,79.3,3.0,1,5,0,560,0
2026-06-21 23:20:09,C,32.64,92.0,3.0,0,5,0,563,0
2026-06-21 23:20:10,R,30.53,81.1,1.0,1,5,0,564,0
2026-06-21 23:20:11,H,29.79,74.5,2.0,0,5,0,566,0
2026-06-21 23:20:13,H,29.6,80.7,3.0,0,5,0,569,0
2026-06-21 23:20:14,R,30.36,81.8,3.0,1,5,0,572,0
2026-06-21 23:20:15,R,28.49,78.4,7.0,1,5,0,579,0
2026-06-21 23:20:16,H,31.83,80.7,1.0,0,5,0,580,0
2026-06-21 23:20:17,H,33.46,82.7,1.0,0,5,0,581,0
2026-06-21 23:20:18,R,30.39,72.7,3.0,1,5,0,584,0
2026-06-21 23:20:19,H,30.43,79.6,3.0,0,5,0,587,0
2026-06-21 23:20:20,H,28.36,78.5,2.0,0,5,0,589,0
2026-06-21 23:20:21,H,30.62,79.3,1.0,0,5,0,590,0
2026-06-21 23:20:23,H,31.64,84.5,4.0,0,5,0,594,0
2026-06-21 23:20:24,R,32.32,83.5,2.0,1,5,0,596,0
2026-06-21 23:20:25,R,30.14,80.7,6.0,1,6,0,602,0
2026-06-21 23:20:26,H,28.23,74.7,1.0,0,6,0,603,0
2026-06-21 23:20:27,H,25.67,70.6,3.0,0,6,0,606,0
2026-06-21 23:20:28,H,30.08,79.8,4.0,0,6,0,610,0
2026-06-21 23:20:29,C,32.96,91.8,3.0,0,6,0,613,0
2026-06-21 23:20:30,H,31.58,85.5,2.0,0,6,0,615,0
2026-06-21 23:20:31,H,33.27,86.2,1.0,0,6,0,616,0
2026-06-21 23:20:32,H,30.58,81.8,2.0,0,6,0,618,0
2026-06-21 23:20:34,R,29.04,80.7,3.0,1,6,0,621,0
2026-06-21 23:20:35,H,29.28,81.5,4.0,0,6,0,625,0
2026-06-21 23:20:36,R,29.72,80.7,4.0,1,6,0,629,0
2026-06-21 23:20:37,H,32.2,84.5,1.0,0,6,0,630,0
2026-06-21 23:20:38,H,26.25,70.9,5.0,0,6,0,635,0
2026-06-21 23:20:39,H,26.29,73.4,3.0,0,6,0,638,0
2026-06-21 23:20:40,H,26.82,75.7,3.0,0,6,0,641,0
2026-06-21 23:20:41,H,32.78,83.5,2.0,0,6,0,643,0
2026-06-21 23:20:42,H,32.46,84.4,2.0,0,6,0,645,0
2026-06-21 23:20:43,H,32.2,81.1,1.0,0,6,0,646,0
2026-06-21 23:20:45,H,33.15,82.7,1.0,0,6,0,647,0
2026-06-21 23:20:46,H,33.59,83.3,3.0,0,6,0,650,0
2026-06-21 23:20:47,H,31.36,78.0,9.0,0,6,0,659,0
2026-06-21 23:20:48,R,30.57,76.9,3.0,1,6,0,662,0
2026-06-21 23:20:49,H,29.97,78.2,2.0,0,6,0,664,0
2026-06-21 23:20:50,R,27.59,71.0,3.0,1,6,0,667,0
2026-06-21 23:20:51,H,31.79,77.7,3.0,0,6,0,670,0
2026-06-21 23:20:52,H,33.01,82.7,6.0,0,6,0,676,0
2026-06-21 23:20:53,H,32.68,86.2,2.0,0,6,0,678,0
2026-06-21 23:20:55,H,32.78,83.5,2.0,0,6,0,680,0
2026-06-21 23:20:56,H,31.42,78.7,0.0,0,6,0,680,0
2026-06-21 23:20:57,R,32.06,83.8,5.0,1,6,0,685,0
2026-06-21 23:20:58,R,30.97,82.7,7.0,1,6,0,692,0
2026-06-21 23:20:59,R,30.93,81.8,6.0,1,6,0,698,0
2026-06-21 23:21:00,H,31.23,84.7,2.0,0,7,0,700,0
2026-06-21 23:21:01,H,31.74,85.7,2.0,0,7,0,702,0
2026-06-21 23:21:02,H,30.7,84.7,4.0,0,7,0,706,0
2026-06-21 23:21:03,R,30.1,84.7,2.0,1,7,0,708,0
2026-06-21 23:21:04,H,32.02,86.5,1.0,0,7,0,709,0
2026-06-21 23:21:06,H,31.19,83.5,3.0,0,7,0,712,0
2026-06-21 23:21:07,H,32.76,80.0,4.0,0,7,0,716,0
2026-06-21 23:21:08,H,31.8,78.7,4.0,0,7,0,720,0
2026-06-21 23:21:09,H,28.74,74.3,1.0,0,7,0,721,0
2026-06-21 23:21:10,H,30.56,76.1,3.0,0,7,0,724,0
2026-06-21 23:21:11,H,33.68,85.5,4.0,0,7,0,728,0
2026-06-21 23:21:12,H,33.46,85.3,5.0,0,7,0,733,0
2026-06-21 23:21:13,H,31.86,86.4,2.0,0,7,0,735,0
2026-06-21 23:21:14,H,31.73,81.5,2.0,0,7,0,737,0
2026-06-21 23:21:15,H,28.47,71.8,1.0,0,7,0,738,0
2026-06-21 23:21:17,H,26.68,66.4,0.0,0,7,0,738,0
2026-06-21 23:21:18,R,25.99,72.5,3.0,1,7,0,741,0
2026-06-21 23:21:19,R,26.36,72.5,4.0,2,7,0,745,0
2026-06-21 23:21:20,H,29.93,80.0,2.0,0,7,0,747,0
2026-06-21 23:21:21,R,33.07,84.3,1.0,1,7,0,748,0
2026-06-21 23:21:22,H,28.75,74.5,4.0,0,7,0,752,0
2026-06-21 23:21:23,R,30.68,79.8,5.0,1,7,0,757,0
2026-06-21 23:21:24,H,29.77,76.9,5.0,0,7,0,762,0
2026-06-21 23:21:25,H,30.95,83.5,1.0,0,7,0,763,0
2026-06-21 23:21:27,H,30.0,80.0,0.0,0,7,0,763,0
2026-06-21 23:21:28,H,26.17,73.1,2.0,0,7,0,765,0
2026-06-21 23:21:29,R,27.83,76.6,5.0,1,7,0,770,0
2026-06-21 23:21:30,R,30.73,83.8,5.0,1,7,0,775,0
2026-06-21 23:21:31,H,32.83,87.3,2.0,0,7,0,777,0
2026-06-21 23:21:32,H,31.72,82.6,1.0,0,7,0,778,0
2026-06-21 23:21:33,H,31.18,82.7,3.0,0,7,0,781,0
2026-06-21 23:21:34,H,30.88,84.1,3.0,0,7,0,784,0
2026-06-21 23:21:35,R,30.38,78.7,1.0,1,7,0,785,0
2026-06-21 23:21:37,H,30.45,81.8,2.0,0,7,0,787,0
2026-06-21 23:21:38,H,28.28,79.6,5.0,0,7,0,792,0
2026-06-21 23:21:39,H,30.84,83.9,3.0,0,7,0,795,0
2026-06-21 23:21:40,H,33.33,88.2,6.0,0,8,0,801,0
2026-06-21 23:21:41,H,33.46,84.3,0.0,0,8,0,801,0
2026-06-21 23:21:42,R,30.43,83.6,2.0,2,8,0,803,0
2026-06-21 23:21:43,R,33.7,87.3,3.0,1,8,0,806,0
2026-06-21 23:21:44,H,34.23,83.8,3.0,0,8,0,809,0
2026-06-21 23:21:45,R,29.99,77.3,1.0,1,8,0,810,0
2026-06-21 23:21:46,H,28.71,75.5,1.0,0,8,0,811,0
2026-06-21 23:21:47,H,27.98,76.6,2.0,0,8,0,813,0
2026-06-21 23:21:49,H,32.71,85.3,2.0,0,8,0,815,0
2026-06-21 23:21:50,R,33.48,85.3,3.0,1,8,0,818,0
2026-06-21 23:21:51,H,32.47,81.7,6.0,0,8,0,824,0
2026-06-21 23:21:52,H,31.97,81.5,2.0,0,8,0,826,0
2026-06-21 23:21:53,H,30.64,79.8,2.0,0,8,0,828,0
2026-06-21 23:21:54,H,32.39,87.0,5.0,0,8,0,833,0
2026-06-21 23:21:55,R,32.33,85.3,2.0,1,8,0,835,0
2026-06-21 23:21:56,H,33.82,88.1,3.0,0,8,0,838,0
2026-06-21 23:21:57,H,33.12,87.2,3.0,0,8,0,841,0
2026-06-21 23:21:59,H,32.53,83.3,5.0,0,8,0,846,0
2026-06-21 23:22:00,H,30.0,80.0,2.0,0,8,0,848,0
2026-06-21 23:22:01,H,33.8,86.2,7.0,0,8,0,855,0
2026-06-21 23:22:02,H,31.88,85.5,4.0,0,8,0,859,0
2026-06-21 23:22:03,R,32.28,86.2,3.0,2,8,0,862,0
2026-06-21 23:22:04,H,32.09,84.3,2.0,0,8,0,864,0
2026-06-21 23:22:05,H,31.16,82.6,1.0,0,8,0,865,0
2026-06-21 23:22:06,R,31.57,83.6,2.0,1,8,0,867,0
2026-06-21 23:22:07,H,26.6,74.1,2.0,0,8,0,869,0
2026-06-21 23:22:08,N,21.83,58.5,3.0,0,8,0,872,0
2026-06-21 23:22:10,R,25.52,72.2,3.0,1,8,0,875,0
2026-06-21 23:22:11,R,26.25,75.5,6.0,1,8,0,881,0
2026-06-21 23:22:12,H,25.3,76.1,4.0,0,8,0,885,0
2026-06-21 23:22:13,H,22.13,65.1,3.0,0,8,0,888,0
2026-06-21 23:22:14,H,25.12,74.8,2.0,0,8,0,890,0
2026-06-21 23:22:15,H,26.08,85.3,3.0,0,8,0,893,0
2026-06-21 23:22:16,H,25.77,72.5,4.0,0,8,0,897,0
2026-06-21 23:22:17,H,25.87,87.3,6.0,0,9,0,903,0
2026-06-21 23:22:18,H,26.81,80.6,3.0,0,9,0,906,0
2026-06-21 23:22:19,H,26.77,74.3,1.0,0,9,0,907,0
2026-06-21 23:22:21,H,28.38,83.6,0.0,0,9,0,907,0
2026-06-21 23:22:22,R,31.02,80.0,3.0,1,9,0,910,0
2026-06-21 23:22:23,R,28.46,83.8,7.0,2,9,0,917,0
2026-06-21 23:22:24,H,28.22,81.1,3.0,0,9,0,920,0
2026-06-21 23:22:25,H,28.33,84.4,4.0,0,9,0,924,0
2026-06-21 23:22:26,H,28.87,86.2,3.0,0,9,0,927,0
2026-06-21 23:22:27,H,29.99,89.0,6.0,0,9,0,933,0
2026-06-21 23:22:28,R,27.79,80.0,4.0,2,9,0,937,0
2026-06-21 23:22:29,H,29.07,86.2,3.0,0,9,0,940,0
2026-06-21 23:22:31,H,27.94,76.1,5.0,0,9,0,945,0
2026-06-21 23:22:32,N,18.11,57.8,2.0,0,9,0,947,0
2026-06-21 23:22:33,R,30.0,89.7,5.0,2,9,0,952,0
2026-06-21 23:22:34,C,16.23,92.9,5.0,0,9,0,957,0
2026-06-21 23:22:35,R,16.23,60.9,3.0,1,9,0,960,0
2026-06-21 23:22:36,C,35.09,100.0,4.0,0,9,0,964,0
2026-06-21 23:22:37,C,35.77,100.0,2.0,0,9,0,966,0
2026-06-21 23:22:38,H,32.09,88.2,2.0,0,9,0,968,0
2026-06-21 23:22:39,C,34.96,91.8,3.0,0,9,0,971,0
2026-06-21 23:22:40,H,32.19,79.1,2.0,0,9,0,973,0
2026-06-21 23:22:42,H,34.54,83.5,2.0,0,9,0,975,0
2026-06-21 23:22:43,C,34.25,92.8,2.0,0,9,0,977,0
2026-06-21 23:22:44,H,27.99,71.6,2.0,0,9,0,979,0
2026-06-21 23:22:45,H,29.88,66.0,7.0,0,9,0,986,0
2026-06-21 23:22:46,R,28.32,68.8,1.0,1,9,0,987,0
2026-06-21 23:22:47,C,33.52,90.7,3.0,0,9,0,990,0
2026-06-21 23:22:48,R,31.58,89.1,4.0,1,9,0,994,0
2026-06-21 23:22:49,H,28.05,76.1,3.0,0,9,0,997,0
2026-06-21 23:22:50,H,30.82,77.4,1.0,0,9,0,998,0
2026-06-21 23:22:52,H,29.9,72.0,1.0,0,9,0,999,0
2026-06-21 23:22:53,H,28.48,75.2,3.0,0,10,0,1002,0
2026-06-21 23:22:54,H,29.16,79.2,3.0,0,10,0,1005,0
2026-06-21 23:22:55,R,31.39,88.1,6.0,1,10,0,1011,0
2026-06-21 23:22:56,H,33.12,81.8,2.0,0,10,0,1013,0
2026-06-21 23:22:57,H,33.02,80.4,3.0,0,10,0,1016,0
2026-06-21 23:22:58,H,34.6,87.3,8.0,0,10,0,1024,0
2026-06-21 23:22:59,H,29.41,75.2,3.0,0,10,0,1027,0
2026-06-21 23:23:00,R,31.62,86.1,3.0,1,10,0,1030,0
2026-06-21 23:23:01,H,34.77,86.2,2.0,0,10,0,1032,0
2026-06-21 23:23:02,H,33.82,87.3,1.0,0,10,0,1033,0
2026-06-21 23:23:04,R,31.96,87.3,1.0,1,10,0,1034,0
2026-06-21 23:23:05,R,31.98,89.2,5.0,1,10,0,1039,0
2026-06-21 23:23:06,H,30.49,77.6,5.0,0,10,0,1044,0
2026-06-21 23:23:07,H,27.52,73.4,2.0,0,10,0,1046,0
2026-06-21 23:23:08,H,27.23,74.1,3.0,0,10,0,1049,0
2026-06-21 23:23:09,R,30.21,77.1,2.0,1,10,0,1051,0
2026-06-21 23:23:10,R,30.55,77.6,1.0,1,10,0,1052,0
2026-06-21 23:23:11,H,29.7,72.5,2.0,0,10,0,1054,0
2026-06-21 23:23:12,H,30.01,80.4,4.0,0,10,0,1058,0
2026-06-21 23:23:14,R,30.91,75.9,3.0,2,10,0,1061,0
2026-06-21 23:23:15,H,30.99,79.2,4.0,0,10,0,1065,0
2026-06-21 23:23:16,H,30.48,77.6,3.0,0,10,0,1068,0
2026-06-21 23:23:17,H,28.63,76.6,0.0,0,10,0,1068,0
2026-06-21 23:23:18,H,27.76,75.7,4.0,0,10,0,1072,0
2026-06-21 23:23:19,H,27.28,75.0,3.0,0,10,0,1075,0
2026-06-21 23:23:20,H,29.26,76.4,2.0,0,10,0,1077,0
2026-06-21 23:23:21,C,37.6,98.2,2.0,0,10,0,1079,0
2026-06-21 23:23:22,C,35.83,100.0,2.0,0,10,0,1081,0
2026-06-21 23:23:24,C,35.2,100.0,2.0,0,10,0,1083,0
2026-06-21 23:23:25,C,35.31,100.0,2.0,0,10,0,1085,0
2026-06-21 23:23:26,R,36.64,100.0,2.0,1,10,0,1087,0
2026-06-21 23:23:27,C,35.87,100.0,5.0,0,10,0,1092,0
2026-06-21 23:23:28,R,35.17,100.0,3.0,2,10,0,1095,0
2026-06-21 23:23:29,C,34.43,100.0,4.0,0,10,0,1099,0
2026-06-21 23:23:30,C,33.89,99.1,4.0,0,11,0,1103,0
2026-06-21 23:23:31,C,35.78,100.0,2.0,0,11,0,1105,0
2026-06-21 23:23:32,C,35.03,100.0,2.0,0,11,0,1107,0
2026-06-21 23:23:33,C,35.72,100.0,3.0,0,11,0,1110,0
2026-06-21 23:23:34,C,35.61,100.0,2.0,0,11,0,1112,0
2026-06-21 23:23:36,C,36.43,100.0,1.0,0,11,0,1113,0
2026-06-21 23:23:37,C,36.13,100.0,3.0,0,11,0,1116,0
2026-06-21 23:23:38,R,31.76,87.9,9.0,1,11,0,1125,0
2026-06-21 23:23:39,H,30.33,81.7,2.0,0,11,0,1127,0
2026-06-21 23:23:40,R,28.91,78.0,2.0,1,11,0,1129,0
2026-06-21 23:23:41,H,31.38,79.8,1.0,0,11,0,1130,0
2026-06-21 23:23:42,H,28.56,79.1,4.0,0,11,0,1134,0
2026-06-21 23:23:43,H,30.23,80.6,2.0,0,11,0,1136,0
2026-06-21 23:23:44,H,30.71,82.7,2.0,0,11,0,1138,0
2026-06-21 23:23:46,R,30.6,81.7,3.0,1,11,0,1141,0
2026-06-21 23:23:47,H,31.93,80.7,6.0,0,11,0,1147,0
2026-06-21 23:23:48,H,30.49,81.8,6.0,0,11,0,1153,0
2026-06-21 23:23:49,N,15.93,54.1,3.0,0,11,0,1156,0
2026-06-21 23:23:50,N,0.53,1.8,2.0,0,11,0,1158,0
2026-06-21 23:23:51,R,1.7,3.7,1.0,1,11,0,1159,0
2026-06-21 23:23:52,N,4.62,23.9,4.0,0,11,0,1163,0
2026-06-21 23:23:53,N,8.23,13.8,4.0,0,11,0,1167,0
2026-06-21 23:23:54,N,1.66,3.7,3.0,0,11,0,1170,0
2026-06-21 23:23:56,N,1.53,2.8,0.0,0,11,0,1170,0
2026-06-21 23:23:57,N,10.05,27.4,2.0,0,11,0,1172,0
2026-06-21 23:23:58,R,38.59,82.7,6.0,1,11,0,1178,0
2026-06-21 23:23:59,R,29.95,80.7,5.0,1,11,0,1183,0
2026-06-21 23:24:00,R,32.48,84.5,5.0,1,11,0,1188,0
2026-06-21 23:24:01,H,24.38,72.5,4.0,0,11,0,1192,0
2026-06-21 23:24:02,N,13.52,50.5,1.0,0,11,0,1193,0
2026-06-21 23:24:03,C,24.87,90.1,7.0,0,12,0,1200,0
2026-06-21 23:24:04,N,22.33,61.6,6.0,0,12,0,1206,0
2026-06-21 23:24:05,H,23.48,82.6,0.0,0,12,0,1206,0
2026-06-21 23:24:06,C,19.24,100.0,1.0,0,12,0,1207,0
2026-06-21 23:24:08,N,14.04,53.2,1.0,0,12,0,1208,0
2026-06-21 23:24:09,N,7.91,19.6,3.0,0,12,0,1211,0
2026-06-21 23:24:10,R,7.5,18.9,8.0,1,12,0,1219,0
2026-06-21 23:24:11,N,8.16,19.4,4.0,0,12,0,1223,0
2026-06-21 23:24:12,N,7.58,18.9,3.0,0,12,0,1226,0
2026-06-21 23:24:13,R,8.24,23.2,2.0,2,12,0,1228,0
2026-06-21 23:24:14,N,7.38,22.8,3.0,0,12,0,1231,0
2026-06-21 23:24:15,N,12.73,29.6,1.0,0,12,0,1232,0
2026-06-21 23:24:16,N,9.97,25.4,2.0,0,12,0,1234,0
2026-06-21 23:24:17,N,10.52,27.0,2.0,0,12,0,1236,0
2026-06-21 23:24:19,R,9.12,21.3,4.0,1,12,0,1240,0
2026-06-21 23:24:20,N,8.81,21.3,3.0,0,12,0,1243,0
2026-06-21 23:24:21,N,13.67,30.3,1.0,0,12,0,1244,0
2026-06-21 23:24:22,R,11.67,28.4,2.0,1,12,0,1246,0
2026-06-21 23:24:23,R,8.62,22.0,4.0,2,12,0,1250,0
2026-06-21 23:24:24,N,8.69,21.3,4.0,0,12,0,1254,0
2026-06-21 23:24:25,N,8.01,21.5,1.0,0,12,0,1255,0
2026-06-21 23:24:26,N,9.05,22.0,1.0,0,12,0,1256,0
2026-06-21 23:24:27,N,9.24,22.6,1.0,0,12,0,1257,0
2026-06-21 23:24:29,N,10.73,26.2,5.0,0,12,0,1262,0
2026-06-21 23:24:30,N,13.02,35.2,2.0,0,12,0,1264,0
2026-06-21 23:24:31,R,14.37,36.1,5.0,1,12,0,1269,0
2026-06-21 23:24:32,N,12.89,29.4,3.0,0,12,0,1272,0
2026-06-21 23:24:33,R,11.18,29.6,3.0,2,12,0,1275,0
2026-06-21 23:24:34,N,12.82,33.6,5.0,0,12,0,1280,0
2026-06-21 23:24:35,R,26.68,73.6,4.0,1,12,0,1284,0
2026-06-21 23:24:36,C,33.7,96.4,5.0,0,12,0,1289,0
2026-06-21 23:24:37,C,29.78,98.2,2.0,0,12,0,1291,0
2026-06-21 23:24:38,C,34.77,100.0,3.0,0,12,0,1294,0
2026-06-21 23:24:40,C,35.27,100.0,1.0,0,12,0,1295,0
2026-06-21 23:24:41,C,36.32,100.0,4.0,0,12,0,1299,0
2026-06-21 23:24:42,C,36.62,100.0,6.0,0,13,0,1305,0
2026-06-21 23:24:43,R,35.78,100.0,4.0,1,13,0,1309,0
2026-06-21 23:24:44,C,35.54,100.0,1.0,0,13,0,1310,0
2026-06-21 23:24:45,C,35.41,100.0,2.0,0,13,0,1312,0
2026-06-21 23:24:46,C,36.48,100.0,2.0,0,13,0,1314,0
2026-06-21 23:24:47,C,33.56,100.0,3.0,0,13,0,1317,0
2026-06-21 23:24:48,R,12.33,47.7,2.0,2,13,0,1319,0
2026-06-21 23:24:49,N,8.64,50.9,3.0,0,13,0,1322,0
2026-06-21 23:24:51,R,15.23,53.8,2.0,1,13,0,1324,0
2026-06-21 23:24:52,C,33.23,98.1,3.0,0,13,0,1327,0
2026-06-21 23:24:53,C,36.16,100.0,4.0,0,13,0,1331,0
2026-06-21 23:24:54,R,35.92,100.0,1.0,1,13,0,1332,0
2026-06-21 23:24:55,R,37.61,100.0,2.0,1,13,0,1334,0
2026-06-21 23:24:56,C,38.6,100.0,2.0,0,13,0,1336,0
2026-06-21 23:24:57,H,30.01,85.5,1.0,0,13,0,1337,0
2026-06-21 23:24:58,H,22.58,74.3,5.0,0,13,0,1342,0
2026-06-21 23:24:59,N,19.86,45.9,3.0,0,13,0,1345,0
2026-06-21 23:25:01,N,26.46,60.4,11.0,0,13,0,1356,0
2026-06-21 23:25:02,C,36.83,97.3,3.0,0,13,0,1359,0
2026-06-21 23:25:03,R,33.48,86.1,4.0,2,13,0,1363,0
2026-06-21 23:25:04,N,25.47,64.2,4.0,0,13,0,1367,0
2026-06-21 23:25:05,R,23.21,60.0,5.0,1,13,0,1372,0
2026-06-21 23:25:06,C,33.4,98.2,5.0,0,13,0,1377,0
2026-06-21 23:25:07,C,29.2,99.1,3.0,0,13,0,1380,0
2026-06-21 23:25:08,R,32.87,100.0,4.0,1,13,0,1384,0
2026-06-21 23:25:09,C,35.87,100.0,2.0,0,13,0,1386,0
2026-06-21 23:25:10,N,26.15,59.8,1.0,0,13,0,1387,0
2026-06-21 23:25:12,N,18.37,45.9,1.0,0,13,0,1388,0
2026-06-21 23:25:13,R,19.8,50.9,7.0,2,13,0,1395,0
2026-06-21 23:25:14,H,27.5,68.5,5.0,0,14,0,1400,0
2026-06-21 23:25:15,R,28.83,72.5,2.0,1,14,0,1402,0
2026-06-21 23:25:16,H,32.42,74.5,2.0,0,14,0,1404,0
2026-06-21 23:25:17,H,30.73,70.9,3.0,0,14,0,1407,0
2026-06-21 23:25:18,R,23.79,62.5,4.0,1,14,0,1411,0
2026-06-21 23:25:19,H,28.17,72.5,3.0,0,14,0,1414,0
2026-06-21 23:25:20,H,26.81,66.4,2.0,0,14,0,1416,0
2026-06-21 23:25:21,H,33.73,79.1,3.0,0,14,0,1419,0
2026-06-21 23:25:23,H,26.32,68.2,3.0,0,14,0,1422,0
2026-06-21 23:25:24,R,25.62,70.9,2.0,1,14,0,1424,0
2026-06-21 23:25:25,H,24.43,69.4,6.0,0,14,0,1430,0
2026-06-21 23:25:26,R,21.13,56.0,3.0,1,14,0,1433,0
2026-06-21 23:25:27,R,16.25,40.9,3.0,1,14,0,1436,0
2026-06-21 23:25:28,N,15.81,38.9,3.0,0,14,0,1439,0
2026-06-21 23:25:29,N,20.73,50.0,9.0,0,14,0,1448,0
2026-06-21 23:25:30,R,18.46,48.7,3.0,1,14,0,1451,0
2026-06-21 23:25:31,N,21.02,50.9,0.0,0,14,0,1451,0
2026-06-21 23:25:33,R,23.9,58.8,1.0,1,14,0,1452,0
2026-06-21 23:25:34,H,28.49,73.6,1.0,0,14,0,1453,0
2026-06-21 23:25:35,R,27.57,75.2,8.0,1,14,0,1461,0
2026-06-21 23:25:36,H,29.6,72.1,3.0,0,14,0,1464,0
2026-06-21 23:25:37,N,23.26,58.7,2.0,0,14,0,1466,0
2026-06-21 23:25:38,H,25.5,65.5,6.0,0,14,0,1472,0
2026-06-21 23:25:39,H,26.62,68.5,3.0,0,14,0,1475,0
2026-06-21 23:25:40,R,23.04,62.4,2.0,1,14,0,1477,0
2026-06-21 23:25:41,H,27.22,68.8,2.0,0,14,0,1479,0
2026-06-21 23:25:42,H,26.68,70.0,3.0,0,14,0,1482,0
2026-06-21 23:25:44,N,25.57,64.6,1.0,0,14,0,1483,0
2026-06-21 23:25:45,R,27.55,73.0,3.0,1,14,0,1486,0
2026-06-21 23:25:46,R,26.42,67.6,8.0,1,14,0,1494,0
2026-06-21 23:25:47,N,23.33,60.9,4.0,0,14,0,1498,0
2026-06-21 23:25:48,H,28.27,74.3,4.0,0,14,0,1502,0
2026-06-21 23:25:49,H,33.43,84.5,1.0,0,14,0,1503,0
2026-06-21 23:25:50,R,29.72,75.2,3.0,1,14,0,1506,0
2026-06-21 23:25:51,R,33.28,82.7,5.0,3,14,0,1511,0
2026-06-21 23:25:52,H,30.84,80.9,2.0,0,14,0,1513,0
2026-06-21 23:25:54,R,22.46,61.1,2.0,2,14,0,1515,0
2026-06-21 23:25:55,H,29.68,76.4,4.0,0,14,0,1519,0
2026-06-21 23:25:56,H,33.07,84.8,1.0,0,14,0,1520,0
2026-06-21 23:25:57,H,30.33,75.4,0.0,0,14,0,1520,0
2026-06-21 23:25:58,H,30.45,76.4,6.0,0,14,0,1526,0
2026-06-21 23:25:59,H,33.24,88.1,3.0,0,14,0,1529,0
2026-06-21 23:26:00,H,30.73,78.1,4.0,0,14,0,1533,0
2026-06-21 23:26:01,H,29.52,75.0,3.0,0,14,0,1536,0
2026-06-21 23:26:02,H,27.34,74.3,1.0,0,14,0,1537,0
2026-06-21 23:26:04,H,28.93,74.6,2.0,0,14,0,1539,0
2026-06-21 23:26:05,H,29.65,78.1,1.0,0,14,0,1540,0
2026-06-21 23:26:06,R,29.4,76.6,5.0,1,14,0,1545,0
2026-06-21 23:26:07,H,29.33,75.7,3.0,0,14,0,1548,0
2026-06-21 23:26:08,H,30.46,80.8,4.0,0,14,0,1552,0
2026-06-21 23:26:09,H,25.45,67.2,2.0,0,14,0,1554,0
2026-06-21 23:26:10,R,25.12,67.0,4.0,1,14,0,1558,0
2026-06-21 23:26:11,H,28.49,73.6,3.0,0,14,0,1561,0
2026-06-21 23:26:12,H,24.57,68.2,2.0,0,14,0,1563,0
2026-06-21 23:26:13,H,27.21,73.6,2.0,0,14,0,1565,0
2026-06-21 23:26:15,H,25.91,70.4,2.0,0,14,0,1567,0
2026-06-21 23:26:16,H,27.3,71.6,1.0,0,14,0,1568,0
2026-06-21 23:26:17,H,25.92,68.2,7.0,0,14,0,1575,0
2026-06-21 23:26:18,R,28.25,74.3,6.0,2,14,0,1581,0
2026-06-21 23:26:19,H,29.94,80.7,2.0,0,14,0,1583,0
2026-06-21 23:26:20,H,30.12,77.3,2.0,0,14,0,1585,0
2026-06-21 23:26:21,H,29.74,73.1,1.0,0,14,0,1586,0
2026-06-21 23:26:22,H,29.92,77.3,3.0,0,14,0,1589,0
2026-06-21 23:26:23,R,26.88,69.4,3.0,1,14,0,1592,0
2026-06-21 23:26:25,H,24.37,65.1,2.0,0,14,0,1594,0
2026-06-21 23:26:26,R,27.94,72.7,4.0,1,14,0,1598,0
2026-06-21 23:26:27,H,26.29,68.9,1.0,0,14,0,1599,0
2026-06-21 23:26:28,N,24.28,63.2,1.0,0,15,0,1600,0
2026-06-21 23:26:29,H,27.73,75.5,2.0,0,15,0,1602,0
2026-06-21 23:26:30,R,28.75,73.6,3.0,1,15,0,1605,0
2026-06-21 23:26:31,H,31.97,79.1,1.0,0,15,0,1606,0
2026-06-21 23:26:32,H,30.6,80.7,2.0,0,15,0,1608,0
2026-06-21 23:26:33,H,31.74,85.0,3.0,0,15,0,1611,0
2026-06-21 23:26:34,H,28.62,75.0,2.0,0,15,0,1613,0
2026-06-21 23:26:36,H,27.26,70.9,1.0,0,15,0,1614,0
2026-06-21 23:26:37,H,30.72,80.6,0.0,0,15,0,1614,0
2026-06-21 23:26:38,N,24.07,62.6,7.0,0,15,0,1621,0
2026-06-21 23:26:39,N,22.25,59.8,6.0,0,15,0,1627,0
2026-06-21 23:26:40,N,22.78,60.0,3.0,0,15,0,1630,0
2026-06-21 23:26:41,N,22.32,59.6,2.0,0,15,0,1632,0
2026-06-21 23:26:42,N,23.03,61.5,7.0,0,15,0,1639,0
2026-06-21 23:26:43,R,28.56,78.7,3.0,1,15,0,1642,0
2026-06-21 23:26:44,H,25.91,67.9,3.0,0,15,0,1645,0
2026-06-21 23:26:45,H,29.94,78.2,0.0,0,15,0,1645,0
2026-06-21 23:26:47,H,31.43,80.7,1.0,0,15,0,1646,0
2026-06-21 23:26:48,R,28.56,74.3,4.0,1,15,0,1650,0
2026-06-21 23:26:49,H,25.88,67.0,4.0,0,15,0,1654,0
2026-06-21 23:26:50,R,23.65,62.4,6.0,1,15,0,1660,0
2026-06-21 23:26:51,N,25.92,63.9,3.0,0,15,0,1663,0
2026-06-21 23:26:52,H,29.44,73.4,2.0,0,15,0,1665,0
2026-06-21 23:26:53,R,28.84,74.1,2.0,1,15,0,1667,0
2026-06-21 23:26:54,R,27.4,72.1,3.0,1,15,0,1670,0
2026-06-21 23:26:55,H,27.23,71.6,3.0,0,15,0,1673,0
2026-06-21 23:26:57,H,31.22,81.1,2.0,0,15,0,1675,0
2026-06-21 23:26:58,H,29.64,75.5,3.0,0,15,0,1678,0
2026-06-21 23:26:59,R,31.97,83.3,6.0,1,15,0,1684,0
2026-06-21 23:27:00,H,30.32,76.9,3.0,0,15,0,1687,0
2026-06-21 23:27:01,H,28.87,68.8,1.0,0,15,0,1688,0
2026-06-21 23:27:02,N,25.77,63.6,2.0,0,15,0,1690,0
2026-06-21 23:27:03,R,27.04,71.3,3.0,1,15,0,1693,0
2026-06-21 23:27:04,H,28.85,72.0,3.0,0,15,0,1696,0
2026-06-21 23:27:05,H,28.91,73.1,1.0,0,15,0,1697,0
2026-06-21 23:27:07,H,27.87,70.9,3.0,0,16,0,1700,0
2026-06-21 23:27:08,H,26.73,71.0,2.0,0,16,0,1702,0
2026-06-21 23:27:09,R,30.48,78.7,1.0,1,16,0,1703,0
2026-06-21 23:27:10,R,33.09,81.7,7.0,1,16,0,1710,0
2026-06-21 23:27:11,H,31.97,79.6,4.0,0,16,0,1714,0
2026-06-21 23:27:12,H,30.2,78.0,3.0,0,16,0,1717,0
2026-06-21 23:27:13,R,30.5,82.2,2.0,1,16,0,1719,0
2026-06-21 23:27:14,H,31.08,85.3,3.0,0,16,0,1722,0
2026-06-21 23:27:15,R,31.15,84.4,2.0,1,16,0,1724,0
2026-06-21 23:27:16,H,30.58,77.8,8.0,0,16,0,1732,0
2026-06-21 23:27:18,H,30.02,78.7,2.0,0,16,0,1734,0
2026-06-21 23:27:19,R,28.69,71.3,2.0,1,16,0,1736,0
2026-06-21 23:27:20,H,28.74,74.8,2.0,0,16,0,1738,0
2026-06-21 23:27:21,H,32.04,80.7,6.0,0,16,0,1744,0
2026-06-21 23:27:22,H,29.58,79.4,7.0,0,16,0,1751,0
2026-06-21 23:27:23,R,31.25,80.4,5.0,1,16,0,1756,0
2026-06-21 23:27:24,H,29.09,75.0,2.0,0,16,0,1758,0
2026-06-21 23:27:25,R,29.02,77.6,3.0,1,16,0,1761,0
2026-06-21 23:27:26,H,30.82,79.1,2.0,0,16,0,1763,0
2026-06-21 23:27:27,N,24.97,64.8,2.0,0,16,0,1765,0
2026-06-21 23:27:29,R,24.53,62.0,4.0,1,16,0,1769,0
2026-06-21 23:27:30,R,25.97,66.1,5.0,1,16,0,1774,0
2026-06-21 23:27:31,N,23.15,57.3,6.0,0,16,0,1780,0
2026-06-21 23:27:32,N,22.71,58.9,1.0,0,16,0,1781,0
2026-06-21 23:27:33,H,28.78,73.6,2.0,0,16,0,1783,0
2026-06-21 23:27:34,R,23.39,59.1,1.0,1,16,0,1784,0
2026-06-21 23:27:35,R,25.74,64.8,4.0,1,16,0,1788,0
2026-06-21 23:27:36,N,25.09,59.3,2.0,0,16,0,1790,0
2026-06-21 23:27:37,N,22.09,52.8,2.0,0,16,0,1792,0
2026-06-21 23:27:39,R,21.26,53.2,2.0,1,16,0,1794,0
2026-06-21 23:27:40,N,22.88,57.0,1.0,0,16,0,1795,0
2026-06-21 23:27:41,N,22.6,57.3,4.0,0,16,0,1799,0
2026-06-21 23:27:42,N,19.76,52.3,5.0,0,17,0,1804,0
2026-06-21 23:27:43,R,19.6,52.6,6.0,1,17,0,1810,0
2026-06-21 23:27:44,N,18.55,51.4,2.0,0,17,0,1812,0
2026-06-21 23:27:45,N,21.52,54.6,2.0,0,17,0,1814,0
2026-06-21 23:27:46,N,21.65,52.3,3.0,0,17,0,1817,0
2026-06-21 23:27:47,N,21.57,54.6,3.0,0,17,0,1820,0
2026-06-21 23:27:48,R,24.21,58.9,3.0,1,17,0,1823,0
2026-06-21 23:27:49,N,22.83,57.3,2.0,0,17,0,1825,0
2026-06-21 23:27:51,N,23.52,60.6,1.0,0,17,0,1826,0
2026-06-21 23:27:52,H,27.7,68.8,2.0,0,17,0,1828,0
2026-06-21 23:27:53,R,24.49,60.2,3.0,2,17,0,1831,0
2026-06-21 23:27:54,H,29.82,70.6,6.0,0,17,0,1837,0
2026-06-21 23:27:55,R,29.06,70.0,4.0,1,17,0,1841,0
2026-06-21 23:27:56,R,25.63,63.1,5.0,3,17,0,1846,0
2026-06-21 23:27:57,N,22.85,55.0,0.0,0,17,0,1846,0
2026-06-21 23:27:58,R,22.68,57.3,5.0,2,17,0,1851,0
2026-06-21 23:27:59,N,20.11,53.7,3.0,0,17,0,1854,0
2026-06-21 23:28:01,N,19.08,50.9,1.0,0,17,0,1855,0
2026-06-21 23:28:02,N,20.24,51.9,3.0,0,17,0,1858,0
2026-06-21 23:28:03,N,21.51,56.0,4.0,0,17,0,1862,0
2026-06-21 23:28:04,N,21.85,59.1,0.0,0,17,0,1862,0
2026-06-21 23:28:05,N,22.06,59.5,1.0,0,17,0,1863,0
2026-06-21 23:28:06,R,22.89,59.3,2.0,1,17,0,1865,0
2026-06-21 23:28:07,N,21.28,55.5,3.0,0,17,0,1868,0
2026-06-21 23:28:08,R,20.0,51.9,5.0,1,17,0,1873,0
2026-06-21 23:28:09,N,22.94,60.0,2.0,0,17,0,1875,0
2026-06-21 23:28:10,N,23.86,62.8,1.0,0,17,0,1876,0
2026-06-21 23:28:12,H,25.87,65.0,1.0,0,17,0,1877,0
2026-06-21 23:28:13,N,21.61,57.5,4.0,0,17,0,1881,0
2026-06-21 23:28:14,N,22.36,56.8,4.0,0,17,0,1885,0
2026-06-21 23:28:15,R,21.78,59.6,4.0,1,17,0,1889,0
2026-06-21 23:28:16,N,20.46,52.7,2.0,0,17,0,1891,0
2026-06-21 23:28:17,N,18.88,49.5,1.0,0,17,0,1892,0
2026-06-21 23:28:18,R,22.12,59.6,3.0,2,17,0,1895,0
2026-06-21 23:28:19,H,24.72,67.9,3.0,0,17,0,1898,0
2026-06-21 23:28:20,R,25.17,69.4,3.0,1,18,0,1901,0
2026-06-21 23:28:21,H,26.17,68.0,0.0,0,18,0,1901,0
2026-06-21 23:28:23,N,22.53,61.1,2.0,0,18,0,1903,0
2026-06-21 23:28:24,R,21.71,60.9,1.0,1,18,0,1904,0
2026-06-21 23:28:25,R,21.86,57.8,6.0,1,18,0,1910,0
2026-06-21 23:28:26,N,22.47,56.9,4.0,0,18,0,1914,0
2026-06-21 23:28:27,N,23.22,63.6,4.0,0,18,0,1918,0
2026-06-21 23:28:28,R,27.79,73.6,4.0,2,18,0,1922,0
2026-06-21 23:28:29,H,29.92,78.2,3.0,0,18,0,1925,0
2026-06-21 23:28:30,H,27.92,73.4,4.0,0,18,0,1929,0
2026-06-21 23:28:31,H,28.42,73.1,2.0,0,18,0,1931,0
2026-06-21 23:28:33,H,29.3,77.3,5.0,0,18,0,1936,0
2026-06-21 23:28:34,R,21.94,57.3,1.0,1,18,0,1937,0
2026-06-21 23:28:35,R,25.17,66.7,4.0,2,18,0,1941,0
2026-06-21 23:28:36,N,25.18,63.9,0.0,0,18,0,1941,0
2026-06-21 23:28:37,H,30.19,78.5,1.0,0,18,0,1942,0
2026-06-21 23:28:38,H,28.53,73.6,3.0,0,18,0,1945,0
2026-06-21 23:28:39,H,29.92,79.8,3.0,0,18,0,1948,0
2026-06-21 23:28:40,H,29.87,78.9,3.0,0,18,0,1951,0
2026-06-21 23:28:41,H,29.27,75.9,2.0,0,18,0,1953,0
2026-06-21 23:28:42,H,26.06,67.3,2.0,0,18,0,1955,0
2026-06-21 23:28:44,N,22.58,59.8,1.0,0,18,0,1956,0
2026-06-21 23:28:45,N,20.61,54.1,3.0,0,18,0,1959,0
2026-06-21 23:28:46,H,24.92,65.8,7.0,0,18,0,1966,0
2026-06-21 23:28:47,N,22.49,62.2,0.0,0,18,0,1966,0
2026-06-21 23:28:48,R,21.63,59.3,2.0,1,18,0,1968,0
2026-06-21 23:28:49,N,23.68,62.4,2.0,0,18,0,1970,0
2026-06-21 23:28:50,R,26.07,70.4,2.0,1,18,0,1972,0
2026-06-21 23:28:51,H,30.97,75.9,3.0,0,18,0,1975,0
2026-06-21 23:28:52,H,27.92,73.6,2.0,0,18,0,1977,0
2026-06-21 23:28:54,H,27.48,73.4,2.0,0,18,0,1979,0
2026-06-21 23:28:55,H,29.8,80.6,2.0,0,18,0,1981,0
2026-06-21 23:28:56,H,30.67,80.0,3.0,0,18,0,1984,0
2026-06-21 23:28:57,H,28.57,72.9,4.0,0,18,0,1988,0
2026-06-21 23:28:58,R,23.23,61.5,7.0,3,18,0,1995,0
2026-06-21 23:28:59,H,26.15,67.0,1.0,0,18,0,1996,0
2026-06-21 23:29:00,H,26.57,70.4,3.0,0,18,0,1999,0
2026-06-21 23:29:01,H,33.14,81.5,5.0,0,19,0,2004,0
2026-06-21 23:29:02,H,30.07,76.2,4.0,0,19,0,2008,0
2026-06-21 23:29:03,H,29.02,73.8,3.0,0,19,0,2011,0
2026-06-21 23:29:05,H,26.45,67.6,2.0,0,19,0,2013,0
2026-06-21 23:29:06,H,30.69,76.6,2.0,0,19,0,2015,0
2026-06-21 23:29:07,H,28.66,72.2,3.0,0,19,0,2018,0
2026-06-21 23:29:08,N,23.18,60.2,3.0,0,19,0,2021,0
2026-06-21 23:29:09,N,23.29,59.6,1.0,0,19,0,2022,0
2026-06-21 23:29:10,R,24.62,64.5,3.0,1,19,0,2025,0
2026-06-21 23:29:11,H,27.14,73.6,4.0,0,19,0,2029,0
2026-06-21 23:29:12,H,23.47,66.4,3.0,0,19,0,2032,0
2026-06-21 23:29:13,R,26.31,74.1,4.0,1,19,0,2036,0
2026-06-21 23:29:14,H,26.58,73.4,2.0,0,19,0,2038,0
2026-06-21 23:29:16,H,26.7,70.9,2.0,0,19,0,2040,0
2026-06-21 23:29:17,H,30.22,80.7,1.0,0,19,0,2041,0
2026-06-21 23:29:18,R,29.41,75.5,5.0,2,19,0,2046,0
2026-06-21 23:29:19,H,32.33,85.5,3.0,0,19,0,2049,0
2026-06-21 23:29:20,H,34.14,87.3,2.0,0,19,0,2051,0
2026-06-21 23:29:21,H,35.36,89.2,2.0,0,19,0,2053,0
2026-06-21 23:29:22,H,33.57,88.1,5.0,0,19,0,2058,0
2026-06-21 23:29:23,R,34.14,89.0,2.0,2,19,0,2060,0
2026-06-21 23:29:24,H,30.94,84.3,3.0,0,19,0,2063,0
2026-06-21 23:29:26,C,34.33,91.7,1.0,0,19,0,2064,0
2026-06-21 23:29:27,H,31.78,82.6,0.0,0,19,0,2064,0
2026-06-21 23:29:28,H,31.08,81.7,2.0,0,19,0,2066,0
2026-06-21 23:29:29,R,26.06,73.6,5.0,2,19,0,2071,0
2026-06-21 23:29:30,R,26.46,73.9,6.0,1,19,0,2077,0
2026-06-21 23:29:31,H,29.15,77.8,2.0,0,19,0,2079,0
2026-06-21 23:29:32,H,29.6,79.3,3.0,0,19,0,2082,0
2026-06-21 23:29:33,R,30.72,82.1,2.0,1,19,0,2084,0
2026-06-21 23:29:34,H,31.38,86.2,3.0,0,19,0,2087,0
2026-06-21 23:29:35,R,31.55,84.5,3.0,1,19,0,2090,0
2026-06-21 23:29:37,H,32.26,85.0,1.0,0,19,0,2091,0
2026-06-21 23:29:38,R,32.71,88.0,4.0,1,19,0,2095,0
2026-06-21 23:29:39,H,33.46,89.2,3.0,0,19,0,2098,0
2026-06-21 23:29:40,H,33.15,88.1,1.0,0,19,0,2099,0
2026-06-21 23:29:41,H,34.27,89.9,0.0,0,19,0,2099,0
2026-06-21 23:29:42,H,32.39,85.5,3.0,0,20,0,2102,0
2026-06-21 23:29:43,R,32.83,88.0,3.0,1,20,0,2105,0
2026-06-21 23:29:44,R,29.72,80.6,1.0,1,20,0,2106,0
2026-06-21 23:29:45,R,28.67,76.9,2.0,1,20,0,2108,0
2026-06-21 23:29:46,H,30.7,79.8,4.0,0,20,0,2112,0
2026-06-21 23:29:48,H,30.93,83.5,2.0,0,20,0,2114,0
2026-06-21 23:29:49,H,29.23,81.5,2.0,0,20,0,2116,0
2026-06-21 23:29:50,R,30.96,85.6,2.0,1,20,0,2118,0
2026-06-21 23:29:51,H,27.2,74.3,0.0,0,20,0,2118,0
2026-06-21 23:29:52,H,25.83,70.4,0.0,0,20,0,2118,0
2026-06-21 23:29:53,H,26.82,74.1,1.0,0,20,0,2119,0
2026-06-21 23:29:54,N,22.25,60.6,4.0,0,20,0,2123,0
2026-06-21 23:29:55,N,21.21,58.2,1.0,0,20,0,2124,0
2026-06-21 23:29:56,N,21.82,57.3,0.0,0,20,0,2124,0
2026-06-21 23:29:57,N,20.75,55.6,0.0,0,20,0,2124,0
2026-06-21 23:29:59,N,21.22,56.5,8.0,0,20,0,2132,0
2026-06-21 23:30:00,N,22.28,59.3,2.0,0,20,0,2134,0
2026-06-21 23:30:01,R,21.65,56.9,4.0,2,20,0,2138,0
2026-06-21 23:30:02,N,22.47,58.7,2.0,0,20,0,2140,0
2026-06-21 23:30:03,N,21.48,57.4,2.0,0,20,0,2142,0
2026-06-21 23:30:04,N,21.41,56.4,1.0,0,20,0,2143,0
2026-06-21 23:30:05,N,20.85,56.0,0.0,0,20,0,2143,0
2026-06-21 23:30:06,N,21.53,55.5,0.0,0,20,0,2143,0
2026-06-21 23:30:07,N,20.22,53.2,2.0,0,20,0,2145,0
2026-06-21 23:30:09,N,19.5,51.9,2.0,0,20,0,2147,0
2026-06-21 23:30:10,R,19.74,53.2,3.0,1,20,0,2150,0
2026-06-21 23:30:11,N,20.18,53.2,2.0,0,20,0,2152,0
2026-06-21 23:30:12,N,18.87,51.4,0.0,0,20,0,2152,0
2026-06-21 23:30:13,N,18.56,50.5,1.0,0,20,0,2153,0
2026-06-21 23:30:14,N,21.25,57.3,1.0,0,20,0,2154,0
2026-06-21 23:30:15,N,21.58,57.8,4.0,0,20,0,2158,0
2026-06-21 23:30:16,N,21.99,58.7,2.0,0,20,0,2160,0
2026-06-21 23:30:17,N,18.66,54.6,3.0,0,20,0,2163,0
2026-06-21 23:30:18,H,26.62,88.3,1.0,0,20,0,2164,0
2026-06-21 23:30:20,C,20.73,100.0,1.0,0,20,0,2165,0
2026-06-21 23:30:21,H,16.62,75.0,0.0,0,20,0,2165,0
2026-06-21 23:30:22,N,19.85,53.7,0.0,0,20,0,2165,0
2026-06-21 23:30:23,N,18.08,45.0,0.0,0,20,0,2165,0
2026-06-21 23:30:24,N,18.95,49.1,1.0,0,20,0,2166,0
2026-06-21 23:30:25,N,19.43,56.9,1.0,0,20,0,2167,0
2026-06-21 23:30:26,H,25.47,81.8,2.0,0,20,0,2169,0
2026-06-21 23:30:27,C,13.37,96.4,3.0,0,20,0,2172,0
2026-06-21 23:30:28,N,13.18,54.1,0.0,0,20,0,2172,0
2026-06-21 23:30:30,N,10.64,24.8,1.0,0,20,0,2173,0
2026-06-21 23:30:31,N,12.83,30.3,1.0,0,20,0,2174,0
2026-06-21 23:30:32,N,11.28,29.6,0.0,0,20,0,2174,0
2026-06-21 23:30:33,R,11.83,37.3,3.0,1,20,0,2177,0
2026-06-21 23:30:34,R,15.27,46.8,4.0,1,20,0,2181,0
2026-06-21 23:30:35,R,12.15,35.8,2.0,1,20,0,2183,0
2026-06-21 23:30:36,N,14.53,43.1,1.0,0,20,0,2184,0
2026-06-21 23:30:37,N,15.63,44.0,2.0,0,20,0,2186,0
2026-06-21 23:30:38,N,14.64,51.4,2.0,0,20,0,2188,0
2026-06-21 23:30:39,R,15.65,49.1,2.0,1,20,0,2190,0
2026-06-21 23:30:41,N,13.98,43.9,0.0,0,20,0,2190,0
2026-06-21 23:30:42,N,14.06,42.2,0.0,0,20,0,2190,0
2026-06-21 23:30:43,N,9.96,25.7,2.0,0,20,0,2192,0
2026-06-21 23:30:44,N,9.28,23.1,0.0,0,20,0,2192,0
2026-06-21 23:30:45,N,10.18,27.4,1.0,0,20,0,2193,0
2026-06-21 23:30:46,N,14.08,47.7,0.0,0,20,0,2193,0
2026-06-21 23:30:47,H,25.96,73.6,2.0,0,20,0,2195,0
2026-06-21 23:30:48,H,23.12,75.9,2.0,0,20,0,2197,0
2026-06-21 23:30:49,R,22.49,64.8,2.0,1,20,0,2199,0
2026-06-21 23:30:51,N,18.68,46.8,2.0,0,21,0,2201,0
2026-06-21 23:30:52,N,13.34,32.3,0.0,0,21,0,2201,0
2026-06-21 23:30:53,N,12.25,32.1,1.0,0,21,0,2202,0
2026-06-21 23:30:54,R,14.59,38.3,6.0,1,21,0,2208,0
2026-06-21 23:30:55,N,15.44,40.2,1.0,0,21,0,2209,0
2026-06-21 23:30:56,N,17.23,42.1,0.0,0,21,0,2209,0
2026-06-21 23:30:57,N,19.18,51.9,1.0,0,21,0,2210,0
2026-06-21 23:30:58,R,19.22,46.4,5.0,1,21,0,2215,0
2026-06-21 23:30:59,N,22.48,57.4,5.0,0,21,0,2220,0
2026-06-21 23:31:00,H,25.65,70.1,6.0,0,21,0,2226,0
2026-06-21 23:31:02,N,21.06,56.5,1.0,0,21,0,2227,0
2026-06-21 23:31:03,N,23.17,64.5,0.0,0,21,0,2227,0
2026-06-21 23:31:04,N,22.58,61.7,2.0,0,21,0,2229,0
2026-06-21 23:31:05,R,18.74,50.9,3.0,1,21,0,2232,0
2026-06-21 23:31:06,N,21.68,55.0,5.0,0,21,0,2237,0
2026-06-21 23:31:07,N,20.51,51.9,0.0,0,21,0,2237,0
2026-06-21 23:31:08,N,22.36,60.4,0.0,0,21,0,2237,0
2026-06-21 23:31:09,N,20.1,52.3,0.0,0,21,0,2237,0
2026-06-21 23:31:10,H,24.83,69.1,0.0,0,21,0,2237,0
2026-06-21 23:31:11,N,22.2,57.8,0.0,0,21,0,2237,0
2026-06-21 23:31:13,H,23.77,67.0,0.0,0,21,0,2237,0
2026-06-21 23:31:14,H,25.73,71.2,1.0,0,21,0,2238,0
2026-06-21 23:31:15,R,17.64,46.7,4.0,2,21,0,2242,0
2026-06-21 23:31:16,N,19.03,46.7,0.0,0,21,0,2242,0
2026-06-21 23:31:17,N,18.77,45.5,0.0,0,21,0,2242,0
2026-06-21 23:31:18,N,21.22,58.3,2.0,0,21,0,2244,0
2026-06-21 23:31:19,N,23.32,56.1,0.0,0,21,0,2244,0
2026-06-21 23:31:20,N,21.4,54.2,1.0,0,21,0,2245,0
2026-06-21 23:31:21,H,32.5,78.0,0.0,0,21,0,2245,0
2026-06-21 23:31:23,H,25.23,66.4,1.0,0,21,0,2246,0
2026-06-21 23:31:24,R,27.62,80.2,4.0,1,21,0,2250,0
2026-06-21 23:31:25,R,25.64,61.1,4.0,1,21,0,2254,0
2026-06-21 23:31:26,H,26.6,70.6,2.0,0,21,0,2256,0
2026-06-21 23:31:27,H,25.56,69.7,0.0,0,21,0,2256,0
2026-06-21 23:31:28,H,25.32,68.2,1.0,0,21,0,2257,0
2026-06-21 23:31:29,N,20.87,56.9,1.0,0,21,0,2258,0
2026-06-21 23:31:30,N,17.37,42.7,0.0,0,21,0,2258,0
2026-06-21 23:31:31,N,18.7,46.7,0.0,0,21,0,2258,0
2026-06-21 23:31:32,N,19.08,45.8,0.0,0,21,0,2258,0
2026-06-21 23:31:34,N,17.56,45.5,2.0,0,21,0,2260,0
2026-06-21 23:31:35,R,17.2,43.6,3.0,1,21,0,2263,0
2026-06-21 23:31:36,R,18.64,46.3,2.0,1,21,0,2265,0
2026-06-21 23:31:37,N,16.64,42.9,4.0,0,21,0,2269,0
2026-06-21 23:31:38,N,20.29,52.7,3.0,0,21,0,2272,0
2026-06-21 23:31:39,R,21.11,53.5,4.0,1,21,0,2276,0
2026-06-21 23:31:40,N,20.15,52.3,0.0,0,21,0,2276,0
2026-06-21 23:31:41,N,20.56,55.0,1.0,0,21,0,2277,0
2026-06-21 23:31:42,N,20.15,53.2,0.0,0,21,0,2277,0
2026-06-21 23:31:44,N,18.84,49.1,0.0,0,21,0,2277,0
2026-06-21 23:31:45,N,18.23,47.4,1.0,0,21,0,2278,0
2026-06-21 23:31:46,N,21.12,50.9,0.0,0,21,0,2278,0
2026-06-21 23:31:47,N,18.38,48.7,2.0,0,21,0,2280,0
2026-06-21 23:31:48,N,17.78,48.1,1.0,0,21,0,2281,0
2026-06-21 23:31:49,N,17.98,48.6,1.0,0,21,0,2282,0
2026-06-21 23:31:50,N,16.29,41.7,1.0,0,21,0,2283,0
2026-06-21 23:31:51,R,19.88,50.0,3.0,1,21,0,2286,0
2026-06-21 23:31:52,N,19.28,49.1,0.0,0,21,0,2286,0
2026-06-21 23:31:53,N,21.38,56.9,1.0,0,21,0,2287,0
2026-06-21 23:31:55,N,19.19,52.8,0.0,0,21,0,2287,0
2026-06-21 23:31:56,N,20.38,55.0,0.0,0,21,0,2287,0
2026-06-21 23:31:57,N,16.59,43.1,0.0,0,21,0,2287,0
2026-06-21 23:31:58,N,18.11,47.2,0.0,0,21,0,2287,0
2026-06-21 23:31:59,N,18.78,47.2,4.0,0,21,0,2291,0
2026-06-21 23:32:00,N,16.78,43.5,1.0,0,21,0,2292,0
2026-06-21 23:32:01,N,18.88,48.1,1.0,0,21,0,2293,0
2026-06-21 23:32:02,N,19.18,50.9,2.0,0,21,0,2295,0
2026-06-21 23:32:03,N,19.43,55.1,2.0,0,21,0,2297,0
2026-06-21 23:32:05,N,21.55,57.7,1.0,0,21,0,2298,0
2026-06-21 23:32:06,N,22.05,59.6,1.0,0,21,0,2299,0
2026-06-21 23:32:07,N,19.59,49.1,1.0,0,22,0,2300,0
2026-06-21 23:32:08,N,19.19,49.5,0.0,0,22,0,2300,0
2026-06-21 23:32:09,R,19.76,50.0,3.0,1,22,0,2303,0
2026-06-21 23:32:10,N,20.97,53.8,2.0,0,22,0,2305,0
2026-06-21 23:32:11,H,26.3,65.4,0.0,0,22,0,2305,0
2026-06-21 23:32:12,N,20.85,51.4,1.0,0,22,0,2306,0
2026-06-21 23:32:13,N,17.84,41.7,4.0,0,22,0,2310,0
2026-06-21 23:32:14,N,19.77,52.8,2.0,0,22,0,2312,0
2026-06-21 23:32:16,N,19.54,53.2,2.0,0,22,0,2314,0
2026-06-21 23:32:17,N,21.24,56.4,4.0,0,22,0,2318,0
2026-06-21 23:32:18,R,18.44,47.2,1.0,2,22,0,2319,0
2026-06-21 23:32:19,N,19.78,48.1,4.0,0,22,0,2323,0
2026-06-21 23:32:20,N,21.12,50.0,0.0,0,22,0,2323,0
2026-06-21 23:32:21,N,22.73,51.9,1.0,0,22,0,2324,0
2026-06-21 23:32:22,N,22.13,59.6,2.0,0,22,0,2326,0
2026-06-21 23:32:23,N,24.87,63.6,0.0,0,22,0,2326,0
2026-06-21 23:32:24,N,25.11,61.5,1.0,0,22,0,2327,0
2026-06-21 23:32:25,N,18.08,44.4,0.0,0,22,0,2327,0
2026-06-21 23:32:27,N,22.94,54.7,0.0,0,22,0,2327,0
2026-06-21 23:32:28,N,20.05,50.0,3.0,0,22,0,2330,0
2026-06-21 23:32:29,N,22.52,61.1,3.0,0,22,0,2333,0
2026-06-21 23:32:30,N,22.04,60.0,1.0,0,22,0,2334,0
2026-06-21 23:32:31,N,24.6,63.3,2.0,0,22,0,2336,0
2026-06-21 23:32:32,N,24.18,57.9,4.0,0,22,0,2340,0
2026-06-21 23:32:33,N,24.81,58.6,1.0,0,22,0,2341,0
2026-06-21 23:32:34,N,23.18,59.3,0.0,0,22,0,2341,0
2026-06-21 23:32:35,N,23.75,60.9,0.0,0,22,0,2341,0
2026-06-21 23:32:37,H,28.09,68.2,3.0,0,22,0,2344,0
2026-06-21 23:32:38,H,25.55,65.1,0.0,0,22,0,2344,0
2026-06-21 23:32:39,N,24.82,59.3,2.0,0,22,0,2346,0
2026-06-21 23:32:40,N,23.95,60.9,7.0,0,22,0,2353,0
2026-06-21 23:32:41,N,25.0,62.7,0.0,0,22,0,2353,0
2026-06-21 23:32:42,N,26.28,64.5,5.0,0,22,0,2358,0
2026-06-21 23:32:43,N,21.53,53.6,3.0,0,22,0,2361,0
2026-06-21 23:32:44,N,20.93,54.1,1.0,0,22,0,2362,0
2026-06-21 23:32:45,N,22.65,62.2,2.0,0,22,0,2364,0
2026-06-21 23:32:46,N,22.53,60.6,0.0,0,22,0,2364,0
2026-06-21 23:32:48,N,20.61,56.0,1.0,0,22,0,2365,0
2026-06-21 23:32:49,N,21.35,54.7,2.0,0,22,0,2367,0
2026-06-21 23:32:50,N,22.77,60.6,0.0,0,22,0,2367,0
2026-06-21 23:32:51,N,21.47,56.0,1.0,0,22,0,2368,0
2026-06-21 23:32:52,H,29.08,78.7,0.0,0,22,0,2368,0
2026-06-21 23:32:53,H,25.12,65.5,1.0,0,22,0,2369,0
2026-06-21 23:32:54,H,25.29,65.1,1.0,0,22,0,2370,0
2026-06-21 23:32:55,H,27.55,75.2,3.0,0,22,0,2373,0
2026-06-21 23:32:56,N,23.5,59.1,1.0,0,22,0,2374,0
2026-06-21 23:32:58,N,20.75,51.9,1.0,0,22,0,2375,0
2026-06-21 23:32:59,N,21.58,63.0,2.0,0,22,0,2377,0
2026-06-21 23:33:00,N,21.33,61.5,0.0,0,22,0,2377,0
2026-06-21 23:33:01,H,23.93,66.1,0.0,0,22,0,2377,0
2026-06-21 23:33:02,N,21.09,57.4,3.0,0,22,0,2380,0
2026-06-21 23:33:03,N,20.44,57.9,0.0,0,22,0,2380,0
2026-06-21 23:33:04,N,19.81,54.1,0.0,0,22,0,2380,0
2026-06-21 23:33:05,N,21.63,55.1,2.0,0,22,0,2382,0
2026-06-21 23:33:06,N,23.57,63.6,4.0,0,22,0,2386,0
2026-06-21 23:33:08,H,23.73,67.9,0.0,0,22,0,2386,0
2026-06-21 23:33:09,H,24.33,67.6,1.0,0,22,0,2387,0
2026-06-21 23:33:10,H,25.79,74.1,1.0,0,22,0,2388,0
2026-06-21 23:33:11,H,24.44,67.0,2.0,0,22,0,2390,0
2026-06-21 23:33:12,N,23.78,63.0,6.0,0,22,0,2396,0
2026-06-21 23:33:13,H,25.98,66.4,2.0,0,22,0,2398,0
2026-06-21 23:33:14,H,25.91,65.5,0.0,0,22,0,2398,0
2026-06-21 23:33:15,H,24.99,67.0,0.0,0,22,0,2398,0
2026-06-21 23:33:16,H,29.34,72.9,2.0,0,23,0,2400,0
2026-06-21 23:33:17,H,26.38,66.7,1.0,0,23,0,2401,0
2026-06-21 23:33:18,H,30.48,77.3,1.0,0,23,0,2402,0
2026-06-21 23:33:20,H,26.41,65.1,2.0,0,23,0,2404,0
2026-06-21 23:33:21,H,27.91,68.8,0.0,0,23,0,2404,0
2026-06-21 23:33:22,H,23.81,65.1,1.0,0,23,0,2405,0
2026-06-21 23:33:23,H,24.77,69.7,2.0,0,23,0,2407,0
2026-06-21 23:33:24,H,26.72,67.6,1.0,0,23,0,2408,0
2026-06-21 23:33:25,N,25.68,61.7,2.0,0,23,0,2410,0
2026-06-21 23:33:26,H,27.74,69.7,1.0,0,23,0,2411,0
2026-06-21 23:33:27,N,25.83,60.9,4.0,0,23,0,2415,0
2026-06-21 23:33:28,N,23.51,54.6,2.0,0,23,0,2417,0
2026-06-21 23:33:30,H,27.77,69.4,2.0,0,23,0,2419,0
2026-06-21 23:33:31,C,36.62,98.2,0.0,0,23,0,2419,0
2026-06-21 23:33:32,H,28.13,71.6,0.0,0,23,0,2419,0
2026-06-21 23:33:33,H,27.3,69.7,1.0,0,23,0,2420,0
2026-06-21 23:33:34,H,28.25,69.4,1.0,0,23,0,2421,0
2026-06-21 23:33:35,H,32.3,80.0,2.0,0,23,0,2423,0
2026-06-21 23:33:36,H,34.27,82.0,0.0,0,23,0,2423,0
2026-06-21 23:33:37,N,23.82,61.8,2.0,0,23,0,2425,0
2026-06-21 23:33:38,H,30.75,77.9,1.0,0,23,0,2426,0
2026-06-21 23:33:40,H,29.87,81.7,1.0,0,23,0,2427,0
2026-06-21 23:33:41,H,28.88,80.0,0.0,0,23,0,2427,0
2026-06-21 23:33:42,H,26.86,74.1,0.0,0,23,0,2427,0
2026-06-21 23:33:43,H,27.51,73.6,1.0,0,23,0,2428,0
2026-06-21 23:33:44,H,28.73,80.2,1.0,0,23,0,2429,0
2026-06-21 23:33:45,R,27.37,71.8,2.0,1,23,0,2431,0
2026-06-21 23:33:46,H,25.93,67.9,4.0,0,23,0,2435,0
2026-06-21 23:33:47,N,19.18,49.1,0.0,0,23,0,2435,0
2026-06-21 23:33:48,N,16.9,46.4,3.0,0,23,0,2438,0
2026-06-21 23:33:49,N,17.78,47.3,0.0,0,23,0,2438,0
2026-06-21 23:33:51,N,12.57,31.5,2.0,0,23,0,2440,0
2026-06-21 23:33:52,N,10.15,25.2,0.0,0,23,0,2440,0
2026-06-21 23:33:53,N,10.01,25.9,1.0,0,23,0,2441,0
2026-06-21 23:33:54,N,9.28,24.1,1.0,0,23,0,2442,0
2026-06-21 23:33:55,N,10.48,26.4,2.0,0,23,0,2444,0
2026-06-21 23:33:56,N,10.2,25.5,0.0,0,23,0,2444,0
2026-06-21 23:33:57,N,10.03,25.5,0.0,0,23,0,2444,0
2026-06-21 23:33:58,N,10.07,26.6,3.0,0,23,0,2447,0
2026-06-21 23:33:59,N,13.3,33.0,2.0,0,23,0,2449,0
2026-06-21 23:34:00,N,16.22,42.2,3.0,0,23,0,2452,0
2026-06-21 23:34:02,N,16.61,43.1,1.0,0,23,0,2453,0
2026-06-21 23:34:03,N,17.1,46.2,0.0,0,23,0,2453,0
2026-06-21 23:34:04,N,16.97,45.0,3.0,0,23,0,2456,0
2026-06-21 23:34:05,N,17.67,50.0,1.0,0,23,0,2457,0
2026-06-21 23:34:06,N,18.2,48.6,1.0,0,23,0,2458,0
2026-06-21 23:34:07,N,21.47,63.9,4.0,0,23,0,2462,0
2026-06-21 23:34:08,H,20.93,67.9,1.0,0,23,0,2463,0
2026-06-21 23:34:09,N,8.67,36.4,1.0,0,23,0,2464,0
2026-06-21 23:34:10,N,14.0,40.7,0.0,0,23,0,2464,0
2026-06-21 23:34:12,N,7.68,17.8,0.0,0,23,0,2464,0
2026-06-21 23:34:13,N,7.01,16.8,2.0,0,23,0,2466,0
2026-06-21 23:34:14,N,8.17,17.8,1.0,0,23,0,2467,0
2026-06-21 23:34:15,N,6.86,17.4,0.0,0,23,0,2467,0
2026-06-21 23:34:16,N,7.22,18.5,0.0,0,23,0,2467,0
2026-06-21 23:34:17,N,7.08,17.6,0.0,0,23,0,2467,0
2026-06-21 23:34:18,N,6.89,17.0,2.0,0,23,0,2469,0
2026-06-21 23:34:19,N,6.76,17.4,2.0,0,23,0,2471,0
2026-06-21 23:34:20,N,6.63,16.5,3.0,0,23,0,2474,0
2026-06-21 23:34:21,N,8.28,18.5,1.0,0,23,0,2475,0
2026-06-21 23:34:23,N,6.79,16.5,0.0,0,23,0,2475,0
2026-06-21 23:34:24,N,6.87,16.7,3.0,0,23,0,2478,0
2026-06-21 23:34:25,R,6.33,15.7,2.0,1,23,0,2480,0
2026-06-21 23:34:26,N,7.38,17.6,2.0,0,23,0,2482,0
2026-06-21 23:34:27,N,6.5,16.5,2.0,0,23,0,2484,0
2026-06-21 23:34:28,R,6.63,17.3,2.0,1,23,0,2486,0
2026-06-21 23:34:29,N,6.76,17.4,1.0,0,23,0,2487,0
2026-06-21 23:34:30,N,6.72,15.9,2.0,0,23,0,2489,0
2026-06-21 23:34:31,N,7.18,16.7,3.0,0,23,0,2492,0
2026-06-21 23:34:33,N,6.41,16.7,2.0,0,23,0,2494,0
2026-06-21 23:34:34,N,6.43,15.7,3.0,0,23,0,2497,0
2026-06-21 23:34:35,N,6.85,16.7,3.0,0,24,0,2500,0
2026-06-21 23:34:36,N,6.92,18.4,1.0,0,24,0,2501,0
2026-06-21 23:34:37,N,6.62,17.4,0.0,0,24,0,2501,0
2026-06-21 23:34:38,N,6.58,16.7,3.0,0,24,0,2504,0
2026-06-21 23:34:39,N,6.6,17.3,3.0,0,24,0,2507,0
2026-06-21 23:34:40,N,6.48,15.1,2.0,0,24,0,2509,0
2026-06-21 23:34:41,N,6.53,16.8,1.0,0,24,0,2510,0
2026-06-21 23:34:42,N,6.09,15.0,2.0,0,24,0,2512,0
2026-06-21 23:34:43,N,6.76,16.7,3.0,0,24,0,2515,0
2026-06-21 23:34:45,N,6.4,16.5,1.0,0,24,0,2516,0
2026-06-21 23:34:46,N,7.28,16.7,2.0,0,24,0,2518,0
2026-06-21 23:34:47,N,6.83,17.4,1.0,0,24,0,2519,0
2026-06-21 23:34:48,N,7.37,17.6,3.0,0,24,0,2522,0
2026-06-21 23:34:49,R,7.05,17.6,1.0,1,24,0,2523,0
2026-06-21 23:34:50,N,8.61,21.3,0.0,0,24,0,2523,0
2026-06-21 23:34:51,N,8.78,22.0,3.0,0,24,0,2526,0
2026-06-21 23:34:52,N,9.57,25.5,1.0,0,24,0,2527,0
2026-06-21 23:34:53,N,8.54,21.3,4.0,0,24,0,2531,0
2026-06-21 23:34:55,N,7.93,19.8,2.0,0,24,0,2533,0
2026-06-21 23:34:56,N,9.2,22.9,2.0,0,24,0,2535,0
2026-06-21 23:34:57,N,8.54,22.0,2.0,0,24,0,2537,0
2026-06-21 23:34:58,N,8.43,20.4,4.0,0,24,0,2541,0
2026-06-21 23:34:59,N,8.38,21.5,3.0,0,24,0,2544,0
2026-06-21 23:35:00,N,8.03,20.2,3.0,0,24,0,2547,0
2026-06-21 23:35:01,N,8.71,21.5,1.0,0,24,0,2548,0
2026-06-21 23:35:02,N,8.34,21.1,1.0,0,24,0,2549,0
2026-06-21 23:35:03,N,8.53,21.3,3.0,0,24,0,2552,0
2026-06-21 23:35:04,R,7.91,22.4,1.0,1,24,0,2553,0
2026-06-21 23:35:06,R,9.22,22.4,2.0,1,24,0,2555,0
2026-06-21 23:35:07,N,9.13,24.3,2.0,0,24,0,2557,0
2026-06-21 23:35:08,N,9.22,23.1,0.0,0,24,0,2557,0
2026-06-21 23:35:09,N,8.48,22.2,3.0,0,24,0,2560,0
2026-06-21 23:35:10,N,8.74,22.4,2.0,0,24,0,2562,0
2026-06-21 23:35:11,N,7.59,20.2,3.0,0,24,0,2565,0
2026-06-21 23:35:12,H,23.52,69.4,4.0,0,24,0,2569,0
2026-06-21 23:35:13,N,21.8,63.6,2.0,0,24,0,2571,0
2026-06-21 23:35:14,R,7.24,19.3,1.0,1,24,0,2572,0
2026-06-21 23:35:16,N,17.95,47.7,2.0,0,24,0,2574,0
2026-06-21 23:35:17,C,36.9,100.0,2.0,0,24,0,2576,0
2026-06-21 23:35:18,C,34.26,100.0,2.0,0,24,0,2578,0
2026-06-21 23:35:19,C,34.77,100.0,2.0,0,24,0,2580,0
2026-06-21 23:35:20,R,34.48,100.0,1.0,1,24,0,2581,0
2026-06-21 23:35:21,C,35.32,100.0,2.0,0,24,0,2583,0
2026-06-21 23:35:22,C,35.16,100.0,1.0,0,24,0,2584,0
2026-06-21 23:35:23,C,35.13,100.0,2.0,0,24,0,2586,0
2026-06-21 23:35:24,C,35.58,100.0,1.0,0,24,0,2587,0
2026-06-21 23:35:25,C,35.99,100.0,2.0,0,24,0,2589,0
2026-06-21 23:35:27,C,37.33,100.0,1.0,0,24,0,2590,0
2026-06-21 23:35:28,C,34.98,100.0,3.0,0,24,0,2593,0
2026-06-21 23:35:29,C,34.31,100.0,4.0,0,24,0,2597,0
2026-06-21 23:35:30,C,34.55,100.0,5.0,0,25,0,2602,0
2026-06-21 23:35:31,C,35.17,100.0,2.0,0,25,0,2604,0
2026-06-21 23:35:32,C,34.24,100.0,0.0,0,25,0,2604,0
2026-06-21 23:35:33,C,34.54,100.0,2.0,0,25,0,2606,0
2026-06-21 23:35:34,C,34.25,100.0,2.0,0,25,0,2608,0
2026-06-21 23:35:35,C,34.62,100.0,2.0,0,25,0,2610,0
2026-06-21 23:35:36,C,35.32,100.0,1.0,0,25,0,2611,0
2026-06-21 23:35:38,C,34.86,100.0,1.0,0,25,0,2612,0
2026-06-21 23:35:39,C,34.86,100.0,2.0,0,25,0,2614,0
2026-06-21 23:35:40,C,34.62,100.0,1.0,0,25,0,2615,0
2026-06-21 23:35:41,C,36.48,100.0,3.0,0,25,0,2618,0
2026-06-21 23:35:42,C,35.38,100.0,2.0,0,25,0,2620,0
2026-06-21 23:35:43,C,34.7,100.0,4.0,0,25,0,2624,0
2026-06-21 23:35:44,C,36.01,100.0,1.0,0,25,0,2625,0
2026-06-21 23:35:45,C,35.02,100.0,1.0,0,25,0,2626,0
2026-06-21 23:35:46,C,35.32,100.0,2.0,0,25,0,2628,0
2026-06-21 23:35:47,C,35.71,100.0,0.0,0,25,0,2628,0
2026-06-21 23:35:49,C,35.39,100.0,3.0,0,25,0,2631,0
2026-06-21 23:35:50,C,29.46,99.1,0.0,0,25,0,2631,0
2026-06-21 23:35:51,C,18.29,100.0,1.0,0,25,0,2632,0
2026-06-21 23:35:52,R,18.2,100.0,1.0,1,25,0,2633,0
2026-06-21 23:35:53,C,17.5,100.0,2.0,0,25,0,2635,0
2026-06-21 23:35:54,C,17.99,100.0,2.0,0,25,0,2637,0
2026-06-21 23:35:55,C,17.55,100.0,1.0,0,25,0,2638,0
2026-06-21 23:35:56,C,17.64,100.0,1.0,0,25,0,2639,0
2026-06-21 23:35:57,C,17.09,100.0,1.0,0,25,0,2640,0
2026-06-21 23:35:59,C,17.52,100.0,3.0,0,25,0,2643,0
2026-06-21 23:36:00,C,17.34,100.0,0.0,0,25,0,2643,0
2026-06-21 23:36:01,C,17.72,100.0,4.0,0,25,0,2647,0
2026-06-21 23:36:02,H,15.91,88.3,5.0,0,25,0,2652,0
2026-06-21 23:36:03,N,7.29,24.8,4.0,0,25,0,2656,0
2026-06-21 23:36:04,N,1.28,2.7,3.0,0,25,0,2659,0
2026-06-21 23:36:05,N,0.83,3.6,2.0,0,25,0,2661,0
2026-06-21 23:36:06,R,0.6,1.8,2.0,1,25,0,2663,0
2026-06-21 23:36:07,N,0.53,1.8,2.0,0,25,0,2665,0
2026-06-21 23:36:08,N,0.38,1.8,3.0,0,25,0,2668,0
2026-06-21 23:36:10,N,0.53,1.8,1.0,0,25,0,2669,0
2026-06-21 23:36:11,N,0.68,1.8,2.0,0,25,0,2671,0
2026-06-21 23:36:12,N,0.88,6.1,2.0,0,25,0,2673,0
2026-06-21 23:36:13,N,1.35,2.7,2.0,0,25,0,2675,0
2026-06-21 23:36:14,N,0.68,1.8,3.0,0,25,0,2678,0
2026-06-21 23:36:15,N,0.45,1.8,5.0,0,25,0,2683,0
2026-06-21 23:36:16,R,0.67,1.8,5.0,1,25,0,2688,0
2026-06-21 23:36:17,N,0.23,0.9,2.0,0,25,0,2690,0
2026-06-21 23:36:18,N,1.96,10.0,3.0,0,25,0,2693,0
2026-06-21 23:36:19,N,8.21,18.9,2.0,0,25,0,2695,0
2026-06-21 23:36:21,N,1.05,1.8,1.0,0,25,0,2696,0
2026-06-21 23:36:22,N,1.13,1.8,0.0,0,25,0,2696,0
2026-06-21 23:36:23,N,2.81,7.8,0.0,0,25,0,2696,0
2026-06-21 23:36:24,R,0.98,3.6,8.0,1,26,0,2704,0
2026-06-21 23:36:25,R,8.59,13.7,7.0,1,26,0,2711,0
2026-06-21 23:36:26,N,5.3,9.8,2.0,0,26,0,2713,0
2026-06-21 23:36:27,N,0.76,2.8,2.0,0,26,0,2715,0
2026-06-21 23:36:28,R,0.6,1.8,4.0,1,26,0,2719,0
2026-06-21 23:36:29,N,0.45,1.8,2.0,0,26,0,2721,0
2026-06-21 23:36:30,N,0.45,1.8,2.0,0,26,0,2723,0
2026-06-21 23:36:32,N,0.67,2.7,1.0,0,26,0,2724,0
2026-06-21 23:36:33,N,2.1,3.6,1.0,0,26,0,2725,0
2026-06-21 23:36:34,N,1.58,3.6,3.0,0,26,0,2728,0
2026-06-21 23:36:35,N,0.3,0.9,3.0,0,26,0,2731,0
2026-06-21 23:36:36,N,0.98,2.7,1.0,0,26,0,2732,0
2026-06-21 23:36:37,N,0.15,0.9,0.0,0,26,0,2732,0
2026-06-21 23:36:38,N,0.6,1.8,3.0,0,26,0,2735,0
2026-06-21 23:36:39,N,0.3,1.8,1.0,0,26,0,2736,0
2026-06-21 23:36:40,N,0.23,1.8,5.0,0,26,0,2741,0
2026-06-21 23:36:41,N,0.9,2.7,0.0,0,26,0,2741,0
2026-06-21 23:36:43,N,0.38,0.9,1.0,0,26,0,2742,0
2026-06-21 23:36:44,N,0.67,2.7,2.0,0,26,0,2744,0
2026-06-21 23:36:45,N,0.3,1.8,1.0,0,26,0,2745,0
2026-06-21 23:36:46,R,0.9,2.7,2.0,1,26,0,2747,0
2026-06-21 23:36:47,N,0.38,1.8,1.0,0,26,0,2748,0
2026-06-21 23:36:48,N,0.38,1.8,4.0,0,26,0,2752,0
2026-06-21 23:36:49,N,0.91,2.8,1.0,0,26,0,2753,0
2026-06-21 23:36:50,N,5.32,10.9,3.0,0,26,0,2756,0
2026-06-21 23:36:51,N,6.65,18.3,3.0,0,26,0,2759,0
2026-06-21 23:36:53,N,4.32,40.0,2.0,0,26,0,2761,0
2026-06-21 23:36:54,N,0.15,0.9,4.0,0,26,0,2765,0
2026-06-21 23:36:55,N,0.23,1.8,1.0,0,26,0,2766,0
2026-06-21 23:36:56,R,0.15,0.9,2.0,1,26,0,2768,0
2026-06-21 23:36:57,N,0.15,1.8,3.0,0,26,0,2771,0
2026-06-21 23:36:58,N,0.07,0.9,3.0,0,26,0,2774,0
2026-06-21 23:36:59,N,0.15,0.9,0.0,0,26,0,2774,0
2026-06-21 23:37:00,N,0.07,0.9,4.0,0,26,0,2778,0
2026-06-21 23:37:01,R,0.15,0.9,2.0,1,26,0,2780,0
2026-06-21 23:37:02,N,0.07,0.9,1.0,0,26,0,2781,0
2026-06-21 23:37:04,N,0.07,0.9,3.0,0,26,0,2784,0
2026-06-21 23:37:05,N,0.07,0.9,1.0,0,26,0,2785,0
2026-06-21 23:37:06,N,0.3,1.8,5.0,0,26,0,2790,0
2026-06-21 23:37:07,N,0.15,0.9,1.0,0,26,0,2791,0
2026-06-21 23:37:08,N,0.07,0.9,2.0,0,26,0,2793,0
2026-06-21 23:37:09,N,0.07,0.9,0.0,0,26,0,2793,0
2026-06-21 23:37:10,N,0.23,0.9,1.0,0,26,0,2794,0
2026-06-21 23:37:11,N,0.07,0.9,2.0,0,26,0,2796,0
2026-06-21 23:37:12,N,0.23,0.9,2.0,0,26,0,2798,0
2026-06-21 23:37:14,N,0.23,0.9,5.0,0,27,0,2803,0
2026-06-21 23:37:15,N,0.08,1.0,1.0,0,27,0,2804,0
2026-06-21 23:37:16,N,0.0,0.0,1.0,0,27,0,2805,0
2026-06-21 23:37:17,N,0.3,0.9,5.0,0,27,0,2810,0
2026-06-21 23:37:18,N,0.0,0.0,10.0,0,27,0,2820,0
2026-06-21 23:37:19,N,0.3,1.8,5.0,0,27,0,2825,0
2026-06-21 23:37:20,N,0.15,0.9,1.0,0,27,0,2826,0
2026-06-21 23:37:21,N,0.15,1.8,2.0,0,27,0,2828,0
2026-06-21 23:37:22,N,0.15,0.9,4.0,0,27,0,2832,0
2026-06-21 23:37:23,N,0.23,0.9,4.0,0,27,0,2836,0
2026-06-21 23:37:24,N,0.07,0.9,1.0,0,27,0,2837,0
2026-06-21 23:37:26,N,0.23,0.9,3.0,0,27,0,2840,0
2026-06-21 23:37:27,N,0.23,0.9,1.0,0,27,0,2841,0
2026-06-21 23:37:28,N,0.07,0.9,4.0,0,27,0,2845,0
2026-06-21 23:37:29,N,0.07,0.9,5.0,0,27,0,2850,0
2026-06-21 23:37:30,N,0.15,0.9,6.0,0,27,0,2856,0
2026-06-21 23:37:31,N,0.15,0.9,2.0,0,27,0,2858,0
2026-06-21 23:37:32,N,0.07,0.9,2.0,0,27,0,2860,0
2026-06-21 23:37:33,N,0.15,0.9,2.0,0,27,0,2862,0
2026-06-21 23:37:34,N,0.15,0.9,2.0,0,27,0,2864,0
2026-06-21 23:37:35,N,0.15,0.9,2.0,0,27,0,2866,0
2026-06-21 23:37:37,N,0.07,0.9,1.0,0,27,0,2867,0
2026-06-21 23:37:38,N,0.07,0.9,4.0,0,27,0,2871,0
2026-06-21 23:37:39,N,0.23,0.9,5.0,0,27,0,2876,0
2026-06-21 23:37:40,N,0.23,0.9,3.0,0,27,0,2879,0
2026-06-21 23:37:41,N,0.3,0.9,3.0,0,27,0,2882,0
2026-06-21 23:37:42,N,0.07,0.9,12.0,0,27,0,2894,0
2026-06-21 23:37:43,N,0.38,1.8,5.0,0,27,0,2899,0
2026-06-21 23:37:44,N,0.67,5.3,4.0,0,28,0,2903,0
